<?xml version="1.0" encoding="UTF-8"?>
<DARoots Version="1" Minor="25">
  <FileSet Name="sources_1" Type="DesignSrcs" RelSrcDir="$PSRCDIR/sources_1">
    <Filter Type="Srcs"/>
    <File Path="$PSRCDIR/sources_1/imports/TB2/InstMemSample.vhd">
      <FileInfo>
        <Attr Name="ImportPath" Val="$PPRDIR/../../Final CPU Architecture/TB2/InstMemSample.vhd"/>
        <Attr Name="ImportTime" Val="1480459212"/>
        <Attr Name="UsedInSynthesis" Val="1"/>
        <Attr Name="UsedInImplementation" Val="1"/>
        <Attr Name="UsedInSimulation" Val="1"/>
      </FileInfo>
    </File>
    <File Path="$PSRCDIR/sources_1/imports/TB2/InstMemSample_TB.vhd">
      <FileInfo>
        <Attr Name="ImportPath" Val="$PPRDIR/../../Final CPU Architecture/TB2/InstMemSample_TB.vhd"/>
        <Attr Name="ImportTime" Val="1480459212"/>
        <Attr Name="UsedInSynthesis" Val="1"/>
        <Attr Name="UsedInImplementation" Val="1"/>
        <Attr Name="UsedInSimulation" Val="1"/>
      </FileInfo>
    </File>
    <File Path="$PSRCDIR/sources_1/imports/task1/SIMPREG.vhd">
      <FileInfo>
        <Attr Name="ImportPath" Val="$PPRDIR/../../Final CPU Architecture/task1/task1/SIMPREG.vhd"/>
        <Attr Name="ImportTime" Val="1480459209"/>
        <Attr Name="UsedInSynthesis" Val="1"/>
        <Attr Name="UsedInImplementation" Val="1"/>
        <Attr Name="UsedInSimulation" Val="1"/>
      </FileInfo>
    </File>
    <File Path="$PSRCDIR/sources_1/imports/task1/muxQ321.vhd">
      <FileInfo>
        <Attr Name="ImportPath" Val="$PPRDIR/../../Final CPU Architecture/task1/task1/muxQ321.vhd"/>
        <Attr Name="ImportTime" Val="1480459209"/>
        <Attr Name="UsedInSynthesis" Val="1"/>
        <Attr Name="UsedInImplementation" Val="1"/>
        <Attr Name="UsedInSimulation" Val="1"/>
      </FileInfo>
    </File>
    <File Path="$PSRCDIR/sources_1/imports/task1/decoder.vhd">
      <FileInfo>
        <Attr Name="ImportPath" Val="$PPRDIR/../../Final CPU Architecture/task1/task1/decoder.vhd"/>
        <Attr Name="ImportTime" Val="1480459207"/>
        <Attr Name="UsedInSynthesis" Val="1"/>
        <Attr Name="UsedInImplementation" Val="1"/>
        <Attr Name="UsedInSimulation" Val="1"/>
      </FileInfo>
    </File>
    <File Path="$PSRCDIR/sources_1/imports/task1/RegisterFile.vhf">
      <FileInfo>
        <Attr Name="ImportPath" Val="$PPRDIR/../../Final CPU Architecture/task1/task1/RegisterFile.vhf"/>
        <Attr Name="ImportTime" Val="1480459209"/>
        <Attr Name="UsedInSynthesis" Val="1"/>
        <Attr Name="UsedInImplementation" Val="1"/>
        <Attr Name="UsedInSimulation" Val="1"/>
      </FileInfo>
    </File>
    <File Path="$PSRCDIR/sources_1/imports/Final CPU Architecture/Final_CPU_Implementation/InstrMem32bit.vhd">
      <FileInfo>
        <Attr Name="ImportPath" Val="$PPRDIR/../../Final CPU Architecture/Final_CPU_Implementation/InstrMem32bit.vhd"/>
        <Attr Name="ImportTime" Val="1480459204"/>
        <Attr Name="UsedInSynthesis" Val="1"/>
        <Attr Name="UsedInImplementation" Val="1"/>
        <Attr Name="UsedInSimulation" Val="1"/>
      </FileInfo>
    </File>
    <File Path="$PSRCDIR/sources_1/imports/new/full_adder.vhd">
      <FileInfo>
        <Attr Name="ImportPath" Val="$PPRDIR/../try2_adder/try2_adder.srcs/sources_1/new/full_adder.vhd"/>
        <Attr Name="ImportTime" Val="1480659906"/>
        <Attr Name="UsedInSynthesis" Val="1"/>
        <Attr Name="UsedInImplementation" Val="1"/>
        <Attr Name="UsedInSimulation" Val="1"/>
      </FileInfo>
    </File>
    <File Path="$PSRCDIR/sources_1/imports/task1/SIMPREG_tb.vhd">
      <FileInfo>
        <Attr Name="ImportPath" Val="$PPRDIR/../../Final CPU Architecture/task1/task1/SIMPREG_tb.vhd"/>
        <Attr Name="ImportTime" Val="1480459210"/>
        <Attr Name="UsedInSynthesis" Val="1"/>
        <Attr Name="UsedInImplementation" Val="1"/>
        <Attr Name="UsedInSimulation" Val="1"/>
      </FileInfo>
    </File>
    <File Path="$PSRCDIR/sources_1/imports/task1/decoder_tb.vhd">
      <FileInfo>
        <Attr Name="ImportPath" Val="$PPRDIR/../../Final CPU Architecture/task1/task1/decoder_tb.vhd"/>
        <Attr Name="ImportTime" Val="1480459207"/>
        <Attr Name="UsedInSynthesis" Val="1"/>
        <Attr Name="UsedInImplementation" Val="1"/>
        <Attr Name="UsedInSimulation" Val="1"/>
      </FileInfo>
    </File>
    <File Path="$PSRCDIR/sources_1/imports/task1/fileregistre_tb.vhd">
      <FileInfo>
        <Attr Name="ImportPath" Val="$PPRDIR/../../Final CPU Architecture/task1/task1/fileregistre_tb.vhd"/>
        <Attr Name="ImportTime" Val="1480459207"/>
        <Attr Name="UsedInSynthesis" Val="1"/>
        <Attr Name="UsedInImplementation" Val="1"/>
        <Attr Name="UsedInSimulation" Val="1"/>
      </FileInfo>
    </File>
    <File Path="$PSRCDIR/sources_1/imports/task1/muxQ321_tb.vhd">
      <FileInfo>
        <Attr Name="ImportPath" Val="$PPRDIR/../../Final CPU Architecture/task1/task1/muxQ321_tb.vhd"/>
        <Attr Name="ImportTime" Val="1480459209"/>
        <Attr Name="UsedInSynthesis" Val="1"/>
        <Attr Name="UsedInImplementation" Val="1"/>
        <Attr Name="UsedInSimulation" Val="1"/>
      </FileInfo>
    </File>
    <File Path="$PSRCDIR/sources_1/imports/Final CPU Architecture/task3/ALU.vhd">
      <FileInfo>
        <Attr Name="ImportPath" Val="$PPRDIR/../../Final CPU Architecture/task3/ALU.vhd"/>
        <Attr Name="ImportTime" Val="1480459210"/>
        <Attr Name="UsedInSynthesis" Val="1"/>
        <Attr Name="UsedInImplementation" Val="1"/>
        <Attr Name="UsedInSimulation" Val="1"/>
      </FileInfo>
    </File>
    <File Path="$PSRCDIR/sources_1/imports/InstrMem32bit/InstrMem32bit_TB.vhd">
      <FileInfo>
        <Attr Name="ImportPath" Val="$PPRDIR/../../Final CPU Architecture/TB2/InstrMem32bit/InstrMem32bit_TB.vhd"/>
        <Attr Name="ImportTime" Val="1480459212"/>
        <Attr Name="UsedInSynthesis" Val="1"/>
        <Attr Name="UsedInImplementation" Val="1"/>
        <Attr Name="UsedInSimulation" Val="1"/>
      </FileInfo>
    </File>
    <File Path="$PSRCDIR/sources_1/imports/Final_CPU_Implementation/Sign_Extend.vhd">
      <FileInfo>
        <Attr Name="ImportPath" Val="$PPRDIR/../../Final CPU Architecture/Final_CPU_Implementation/Sign_Extend.vhd"/>
        <Attr Name="ImportTime" Val="1480459207"/>
        <Attr Name="UsedInSynthesis" Val="1"/>
        <Attr Name="UsedInImplementation" Val="1"/>
        <Attr Name="UsedInSimulation" Val="1"/>
      </FileInfo>
    </File>
    <File Path="$PSRCDIR/sources_1/imports/new/full_adder_tb.vhd">
      <FileInfo>
        <Attr Name="ImportPath" Val="$PPRDIR/../try2_adder/try2_adder.srcs/sources_1/imports/new/full_adder_tb.vhd"/>
        <Attr Name="ImportTime" Val="1480659539"/>
        <Attr Name="UsedInSynthesis" Val="1"/>
        <Attr Name="UsedInImplementation" Val="1"/>
        <Attr Name="UsedInSimulation" Val="1"/>
      </FileInfo>
    </File>
    <File Path="$PSRCDIR/sources_1/imports/Simple_Ram/Memory_TB.vhd">
      <FileInfo>
        <Attr Name="ImportPath" Val="$PPRDIR/../try2_adder/try2_adder.srcs/sources_1/imports/Simple_Ram/Memory_TB.vhd"/>
        <Attr Name="ImportTime" Val="1480656454"/>
        <Attr Name="UsedInSynthesis" Val="1"/>
        <Attr Name="UsedInImplementation" Val="1"/>
        <Attr Name="UsedInSimulation" Val="1"/>
      </FileInfo>
    </File>
    <File Path="$PSRCDIR/sources_1/imports/Simple_Ram/Sp_Ram_asyncRead.vhd">
      <FileInfo>
        <Attr Name="ImportPath" Val="$PPRDIR/../try2_adder/try2_adder.srcs/sources_1/imports/Simple_Ram/Sp_Ram_asyncRead.vhd"/>
        <Attr Name="ImportTime" Val="1480459212"/>
        <Attr Name="UsedInSynthesis" Val="1"/>
        <Attr Name="UsedInImplementation" Val="1"/>
        <Attr Name="UsedInSimulation" Val="1"/>
      </FileInfo>
    </File>
    <Config>
      <Option Name="DesignMode" Val="RTL"/>
      <Option Name="TopModule" Val="InstMemSample_TB_vhd"/>
      <Option Name="TopLib" Val="work"/>
      <Option Name="TopArchitecture" Val="behavior"/>
      <Option Name="TopRTLFile" Val="$PSRCDIR/sources_1/imports/TB2/InstMemSample_TB.vhd"/>
      <Option Name="TopAutoSet" Val="TRUE"/>
    </Config>
  </FileSet>
</DARoots>
