<?xml version="1.0" encoding="UTF-8"?>
<DARoots Version="1" Minor="25">
  <FileSet Name="sim_1" Type="SimulationSrcs" RelSrcDir="$PSRCDIR/sim_1">
    <File Path="$PSRCDIR/sim_1/new/sram_tb.vhd">
      <FileInfo>
        <Attr Name="UsedInSynthesis" Val="1"/>
        <Attr Name="UsedInImplementation" Val="1"/>
        <Attr Name="UsedInSimulation" Val="1"/>
      </FileInfo>
    </File>
    <Config>
      <Option Name="DesignMode" Val="RTL"/>
      <Option Name="TopModule" Val="sram_64k_8"/>
      <Option Name="TopLib" Val="work"/>
      <Option Name="TopArchitecture" Val="behavior"/>
      <Option Name="TopRTLFile" Val="$PSRCDIR/sources_1/new/ram_try_tb.vhd"/>
      <Option Name="SimMode" Val="timing"/>
      <Option Name="SrcSet" Val="sources_1"/>
    </Config>
  </FileSet>
</DARoots>
