<?xml version="1.0" encoding="UTF-8"?>
<DARoots Version="1" Minor="25">
  <FileSet Name="sources_1" Type="DesignSrcs" RelSrcDir="$PSRCDIR/sources_1">
    <Filter Type="Srcs"/>
    <File Path="$PSRCDIR/sources_1/new/ram_try.vhd">
      <FileInfo>
        <Attr Name="UsedInSynthesis" Val="1"/>
        <Attr Name="UsedInImplementation" Val="1"/>
        <Attr Name="UsedInSimulation" Val="1"/>
      </FileInfo>
    </File>
    <File Path="$PSRCDIR/sources_1/new/ram_try_tb.vhd">
      <FileInfo>
        <Attr Name="UsedInSynthesis" Val="1"/>
        <Attr Name="UsedInImplementation" Val="1"/>
        <Attr Name="UsedInSimulation" Val="1"/>
      </FileInfo>
    </File>
    <File Path="$PSRCDIR/sources_1/imports/Downloads/sram_8.vhd">
      <FileInfo>
        <Attr Name="ImportPath" Val="C:/Users/jimmy1409/Downloads/sram_8.vhd"/>
        <Attr Name="ImportTime" Val="1481317545"/>
        <Attr Name="UsedInSynthesis" Val="1"/>
        <Attr Name="UsedInImplementation" Val="1"/>
        <Attr Name="UsedInSimulation" Val="1"/>
      </FileInfo>
    </File>
    <Config>
      <Option Name="DesignMode" Val="RTL"/>
      <Option Name="TopModule" Val="TB_RAM"/>
      <Option Name="TopLib" Val="work"/>
      <Option Name="TopArchitecture" Val="behavior"/>
      <Option Name="TopRTLFile" Val="$PSRCDIR/sources_1/new/ram_try_tb.vhd"/>
      <Option Name="TopAutoSet" Val="TRUE"/>
    </Config>
  </FileSet>
</DARoots>
