<?xml version="1.0" encoding="UTF-8"?>
<DARoots Version="1" Minor="25">
  <FileSet Name="sources_1" Type="DesignSrcs" RelSrcDir="$PSRCDIR/sources_1">
    <Filter Type="Srcs"/>
    <File Path="$PSRCDIR/sources_1/imports/try_files/ifetch.vhd">
      <FileInfo>
        <Attr Name="ImportPath" Val="$PPRDIR/../try_files/ifetch.vhd"/>
        <Attr Name="ImportTime" Val="1480441528"/>
        <Attr Name="UsedInSynthesis" Val="1"/>
        <Attr Name="UsedInImplementation" Val="1"/>
        <Attr Name="UsedInSimulation" Val="1"/>
      </FileInfo>
    </File>
    <File Path="$PSRCDIR/sources_1/imports/try_files/idecode.vhd">
      <FileInfo>
        <Attr Name="ImportPath" Val="$PPRDIR/../try_files/idecode.vhd"/>
        <Attr Name="ImportTime" Val="1480441528"/>
        <Attr Name="UsedInSynthesis" Val="1"/>
        <Attr Name="UsedInImplementation" Val="1"/>
        <Attr Name="UsedInSimulation" Val="1"/>
      </FileInfo>
    </File>
    <File Path="$PSRCDIR/sources_1/imports/try_files/execute.vhd">
      <FileInfo>
        <Attr Name="ImportPath" Val="$PPRDIR/../try_files/execute.vhd"/>
        <Attr Name="ImportTime" Val="1480441527"/>
        <Attr Name="UsedInSynthesis" Val="1"/>
        <Attr Name="UsedInImplementation" Val="1"/>
        <Attr Name="UsedInSimulation" Val="1"/>
      </FileInfo>
    </File>
    <File Path="$PSRCDIR/sources_1/imports/try_files/dmemory.vhd">
      <FileInfo>
        <Attr Name="ImportPath" Val="$PPRDIR/../try_files/dmemory.vhd"/>
        <Attr Name="ImportTime" Val="1480441527"/>
        <Attr Name="UsedInSynthesis" Val="1"/>
        <Attr Name="UsedInImplementation" Val="1"/>
        <Attr Name="UsedInSimulation" Val="1"/>
      </FileInfo>
    </File>
    <File Path="$PSRCDIR/sources_1/imports/try_files/control.vhd">
      <FileInfo>
        <Attr Name="ImportPath" Val="$PPRDIR/../try_files/control.vhd"/>
        <Attr Name="ImportTime" Val="1480441527"/>
        <Attr Name="UsedInSynthesis" Val="1"/>
        <Attr Name="UsedInImplementation" Val="1"/>
        <Attr Name="UsedInSimulation" Val="1"/>
      </FileInfo>
    </File>
    <File Path="$PSRCDIR/sources_1/imports/try_files/top_flex.vhd">
      <FileInfo>
        <Attr Name="ImportPath" Val="$PPRDIR/../try_files/top_flex.vhd"/>
        <Attr Name="ImportTime" Val="1480441528"/>
        <Attr Name="UsedInSynthesis" Val="1"/>
        <Attr Name="UsedInImplementation" Val="1"/>
        <Attr Name="UsedInSimulation" Val="1"/>
      </FileInfo>
    </File>
    <File Path="$PSRCDIR/sources_1/imports/try_files/top_spim.vhd">
      <FileInfo>
        <Attr Name="ImportPath" Val="$PPRDIR/../try_files/top_spim.vhd"/>
        <Attr Name="ImportTime" Val="1480441528"/>
        <Attr Name="UsedInSynthesis" Val="1"/>
        <Attr Name="UsedInImplementation" Val="1"/>
        <Attr Name="UsedInSimulation" Val="1"/>
      </FileInfo>
    </File>
    <Config>
      <Option Name="DesignMode" Val="RTL"/>
      <Option Name="TopModule" Val="top_flex"/>
      <Option Name="TopLib" Val="work"/>
      <Option Name="TopArchitecture" Val="behavior"/>
      <Option Name="TopRTLFile" Val="$PSRCDIR/sources_1/imports/try_files/top_flex.vhd"/>
      <Option Name="TopAutoSet" Val="TRUE"/>
    </Config>
  </FileSet>
</DARoots>
