<?xml version="1.0" encoding="UTF-8"?>
<DARoots Version="1" Minor="25">
  <FileSet Name="sources_1" Type="DesignSrcs" RelSrcDir="$PSRCDIR/sources_1">
    <Filter Type="Srcs"/>
    <File Path="$PSRCDIR/sources_1/imports/darji/Lab2/arithshreg.vhd">
      <FileInfo>
        <Attr Name="ImportPath" Val="$PPRDIR/../../darji/Lab2/arithshreg.vhd"/>
        <Attr Name="ImportTime" Val="1480370167"/>
        <Attr Name="UsedInSynthesis" Val="1"/>
        <Attr Name="UsedInImplementation" Val="1"/>
        <Attr Name="UsedInSimulation" Val="1"/>
      </FileInfo>
    </File>
    <File Path="$PSRCDIR/sources_1/imports/darji/Lab1/xor2.vhd">
      <FileInfo>
        <Attr Name="ImportPath" Val="$PPRDIR/../../darji/Lab1/xor2.vhd"/>
        <Attr Name="ImportTime" Val="1480370167"/>
        <Attr Name="UsedInSynthesis" Val="1"/>
        <Attr Name="UsedInImplementation" Val="1"/>
        <Attr Name="UsedInSimulation" Val="1"/>
      </FileInfo>
    </File>
    <File Path="$PSRCDIR/sources_1/imports/darji/Lab1/or2.vhd">
      <FileInfo>
        <Attr Name="ImportPath" Val="$PPRDIR/../../darji/Lab1/or2.vhd"/>
        <Attr Name="ImportTime" Val="1480370167"/>
        <Attr Name="UsedInSynthesis" Val="1"/>
        <Attr Name="UsedInImplementation" Val="1"/>
        <Attr Name="UsedInSimulation" Val="1"/>
      </FileInfo>
    </File>
    <File Path="$PSRCDIR/sources_1/imports/darji/Lab1/nor2.vhd">
      <FileInfo>
        <Attr Name="ImportPath" Val="$PPRDIR/../../darji/Lab1/nor2.vhd"/>
        <Attr Name="ImportTime" Val="1480370167"/>
        <Attr Name="UsedInSynthesis" Val="1"/>
        <Attr Name="UsedInImplementation" Val="1"/>
        <Attr Name="UsedInSimulation" Val="1"/>
      </FileInfo>
    </File>
    <File Path="$PSRCDIR/sources_1/imports/darji/Lab1/nand2.vhd">
      <FileInfo>
        <Attr Name="ImportPath" Val="$PPRDIR/../../darji/Lab1/nand2.vhd"/>
        <Attr Name="ImportTime" Val="1480370167"/>
        <Attr Name="UsedInSynthesis" Val="1"/>
        <Attr Name="UsedInImplementation" Val="1"/>
        <Attr Name="UsedInSimulation" Val="1"/>
      </FileInfo>
    </File>
    <File Path="$PSRCDIR/sources_1/imports/darji/Lab1/mux4.vhd">
      <FileInfo>
        <Attr Name="ImportPath" Val="$PPRDIR/../../darji/Lab1/mux4.vhd"/>
        <Attr Name="ImportTime" Val="1480370167"/>
        <Attr Name="UsedInSynthesis" Val="1"/>
        <Attr Name="UsedInImplementation" Val="1"/>
        <Attr Name="UsedInSimulation" Val="1"/>
      </FileInfo>
    </File>
    <File Path="$PSRCDIR/sources_1/imports/darji/Lab1/mux2.vhd">
      <FileInfo>
        <Attr Name="ImportPath" Val="$PPRDIR/../../darji/Lab1/mux2.vhd"/>
        <Attr Name="ImportTime" Val="1480370167"/>
        <Attr Name="UsedInSynthesis" Val="1"/>
        <Attr Name="UsedInImplementation" Val="1"/>
        <Attr Name="UsedInSimulation" Val="1"/>
      </FileInfo>
    </File>
    <File Path="$PSRCDIR/sources_1/imports/darji/Lab1/inv.vhd">
      <FileInfo>
        <Attr Name="ImportPath" Val="$PPRDIR/../../darji/Lab1/inv.vhd"/>
        <Attr Name="ImportTime" Val="1480370167"/>
        <Attr Name="UsedInSynthesis" Val="1"/>
        <Attr Name="UsedInImplementation" Val="1"/>
        <Attr Name="UsedInSimulation" Val="1"/>
      </FileInfo>
    </File>
    <File Path="$PSRCDIR/sources_1/imports/darji/Lab1/dff.vhd">
      <FileInfo>
        <Attr Name="ImportPath" Val="$PPRDIR/../../darji/Lab1/dff.vhd"/>
        <Attr Name="ImportTime" Val="1480370167"/>
        <Attr Name="UsedInSynthesis" Val="1"/>
        <Attr Name="UsedInImplementation" Val="1"/>
        <Attr Name="UsedInSimulation" Val="1"/>
      </FileInfo>
    </File>
    <File Path="$PSRCDIR/sources_1/imports/darji/Lab1/and2.vhd">
      <FileInfo>
        <Attr Name="ImportPath" Val="$PPRDIR/../../darji/Lab1/and2.vhd"/>
        <Attr Name="ImportTime" Val="1480370167"/>
        <Attr Name="UsedInSynthesis" Val="1"/>
        <Attr Name="UsedInImplementation" Val="1"/>
        <Attr Name="UsedInSimulation" Val="1"/>
      </FileInfo>
    </File>
    <File Path="$PSRCDIR/sources_1/imports/darji/Lab2/mux41.vhd">
      <FileInfo>
        <Attr Name="ImportPath" Val="$PPRDIR/../../darji/Lab2/mux41.vhd"/>
        <Attr Name="ImportTime" Val="1480370167"/>
        <Attr Name="UsedInSynthesis" Val="1"/>
        <Attr Name="UsedInImplementation" Val="1"/>
        <Attr Name="UsedInSimulation" Val="1"/>
      </FileInfo>
    </File>
    <File Path="$PSRCDIR/sources_1/imports/darji/Lab2/booth_tb.vhd">
      <FileInfo>
        <Attr Name="ImportPath" Val="$PPRDIR/../../darji/Lab2/booth_tb.vhd"/>
        <Attr Name="ImportTime" Val="1480370167"/>
        <Attr Name="UsedInSynthesis" Val="1"/>
        <Attr Name="UsedInImplementation" Val="1"/>
        <Attr Name="UsedInSimulation" Val="1"/>
      </FileInfo>
    </File>
    <File Path="$PSRCDIR/sources_1/imports/darji/Lab1/xor2_tb.vhd">
      <FileInfo>
        <Attr Name="ImportPath" Val="$PPRDIR/../../darji/Lab1/xor2_tb.vhd"/>
        <Attr Name="ImportTime" Val="1480370167"/>
        <Attr Name="UsedInSynthesis" Val="1"/>
        <Attr Name="UsedInImplementation" Val="1"/>
        <Attr Name="UsedInSimulation" Val="1"/>
      </FileInfo>
    </File>
    <File Path="$PSRCDIR/sources_1/imports/darji/Lab1/or2_tb.vhd">
      <FileInfo>
        <Attr Name="ImportPath" Val="$PPRDIR/../../darji/Lab1/or2_tb.vhd"/>
        <Attr Name="ImportTime" Val="1480370167"/>
        <Attr Name="UsedInSynthesis" Val="1"/>
        <Attr Name="UsedInImplementation" Val="1"/>
        <Attr Name="UsedInSimulation" Val="1"/>
      </FileInfo>
    </File>
    <File Path="$PSRCDIR/sources_1/imports/darji/Lab1/nor2_tb.vhd">
      <FileInfo>
        <Attr Name="ImportPath" Val="$PPRDIR/../../darji/Lab1/nor2_tb.vhd"/>
        <Attr Name="ImportTime" Val="1480370167"/>
        <Attr Name="UsedInSynthesis" Val="1"/>
        <Attr Name="UsedInImplementation" Val="1"/>
        <Attr Name="UsedInSimulation" Val="1"/>
      </FileInfo>
    </File>
    <File Path="$PSRCDIR/sources_1/imports/darji/Lab1/nand2_tb.vhd">
      <FileInfo>
        <Attr Name="ImportPath" Val="$PPRDIR/../../darji/Lab1/nand2_tb.vhd"/>
        <Attr Name="ImportTime" Val="1480370167"/>
        <Attr Name="UsedInSynthesis" Val="1"/>
        <Attr Name="UsedInImplementation" Val="1"/>
        <Attr Name="UsedInSimulation" Val="1"/>
      </FileInfo>
    </File>
    <File Path="$PSRCDIR/sources_1/imports/darji/Lab1/mux4_tb.vhd">
      <FileInfo>
        <Attr Name="ImportPath" Val="$PPRDIR/../../darji/Lab1/mux4_tb.vhd"/>
        <Attr Name="ImportTime" Val="1480370167"/>
        <Attr Name="UsedInSynthesis" Val="1"/>
        <Attr Name="UsedInImplementation" Val="1"/>
        <Attr Name="UsedInSimulation" Val="1"/>
      </FileInfo>
    </File>
    <File Path="$PSRCDIR/sources_1/imports/darji/Lab1/mux2_tb.vhd">
      <FileInfo>
        <Attr Name="ImportPath" Val="$PPRDIR/../../darji/Lab1/mux2_tb.vhd"/>
        <Attr Name="ImportTime" Val="1480370167"/>
        <Attr Name="UsedInSynthesis" Val="1"/>
        <Attr Name="UsedInImplementation" Val="1"/>
        <Attr Name="UsedInSimulation" Val="1"/>
      </FileInfo>
    </File>
    <File Path="$PSRCDIR/sources_1/imports/darji/Lab1/inv_tb.vhd">
      <FileInfo>
        <Attr Name="ImportPath" Val="$PPRDIR/../../darji/Lab1/inv_tb.vhd"/>
        <Attr Name="ImportTime" Val="1480370167"/>
        <Attr Name="UsedInSynthesis" Val="1"/>
        <Attr Name="UsedInImplementation" Val="1"/>
        <Attr Name="UsedInSimulation" Val="1"/>
      </FileInfo>
    </File>
    <File Path="$PSRCDIR/sources_1/imports/darji/Lab1/dff_tb.vhd">
      <FileInfo>
        <Attr Name="ImportPath" Val="$PPRDIR/../../darji/Lab1/dff_tb.vhd"/>
        <Attr Name="ImportTime" Val="1480370167"/>
        <Attr Name="UsedInSynthesis" Val="1"/>
        <Attr Name="UsedInImplementation" Val="1"/>
        <Attr Name="UsedInSimulation" Val="1"/>
      </FileInfo>
    </File>
    <File Path="$PSRCDIR/sources_1/imports/darji/Lab1/and2_tb.vhd">
      <FileInfo>
        <Attr Name="ImportPath" Val="$PPRDIR/../../darji/Lab1/and2_tb.vhd"/>
        <Attr Name="ImportTime" Val="1480370167"/>
        <Attr Name="UsedInSynthesis" Val="1"/>
        <Attr Name="UsedInImplementation" Val="1"/>
        <Attr Name="UsedInSimulation" Val="1"/>
      </FileInfo>
    </File>
    <Config>
      <Option Name="DesignMode" Val="RTL"/>
      <Option Name="TopModule" Val="arithshreg"/>
      <Option Name="TopLib" Val="work"/>
      <Option Name="TopArchitecture" Val="structural"/>
      <Option Name="TopRTLFile" Val="$PSRCDIR/sources_1/imports/darji/Lab2/arithshreg.vhd"/>
      <Option Name="TopAutoSet" Val="TRUE"/>
    </Config>
  </FileSet>
</DARoots>
