<?xml version="1.0" encoding="UTF-8"?>
<DARoots Version="1" Minor="25">
  <FileSet Name="sources_1" Type="DesignSrcs" RelSrcDir="$PSRCDIR/sources_1">
    <Filter Type="Srcs"/>
    <File Path="$PSRCDIR/sources_1/imports/task1/SIMPREG.vhd">
      <FileInfo>
        <Attr Name="ImportPath" Val="$PPRDIR/../../Final CPU Architecture/task1/task1/SIMPREG.vhd"/>
        <Attr Name="ImportTime" Val="1480459209"/>
        <Attr Name="UsedInSynthesis" Val="1"/>
        <Attr Name="UsedInImplementation" Val="1"/>
        <Attr Name="UsedInSimulation" Val="1"/>
      </FileInfo>
    </File>
    <File Path="$PSRCDIR/sources_1/imports/task1/muxQ321.vhd">
      <FileInfo>
        <Attr Name="ImportPath" Val="$PPRDIR/../../Final CPU Architecture/task1/task1/muxQ321.vhd"/>
        <Attr Name="ImportTime" Val="1480459209"/>
        <Attr Name="UsedInSynthesis" Val="1"/>
        <Attr Name="UsedInImplementation" Val="1"/>
        <Attr Name="UsedInSimulation" Val="1"/>
      </FileInfo>
    </File>
    <File Path="$PSRCDIR/sources_1/imports/task1/decoder.vhd">
      <FileInfo>
        <Attr Name="ImportPath" Val="$PPRDIR/../../Final CPU Architecture/task1/task1/decoder.vhd"/>
        <Attr Name="ImportTime" Val="1480459207"/>
        <Attr Name="UsedInSynthesis" Val="1"/>
        <Attr Name="UsedInImplementation" Val="1"/>
        <Attr Name="UsedInSimulation" Val="1"/>
      </FileInfo>
    </File>
    <File Path="$PSRCDIR/sources_1/imports/task1/rftb.vhd">
      <FileInfo>
        <Attr Name="ImportPath" Val="$PPRDIR/../../Final CPU Architecture/task1/task1/rftb.vhd"/>
        <Attr Name="ImportTime" Val="1480459209"/>
        <Attr Name="UsedInSynthesis" Val="1"/>
        <Attr Name="UsedInImplementation" Val="1"/>
        <Attr Name="UsedInSimulation" Val="1"/>
      </FileInfo>
    </File>
    <File Path="$PSRCDIR/sources_1/imports/task1/RegisterFile.vhf">
      <FileInfo>
        <Attr Name="ImportPath" Val="$PPRDIR/../../Final CPU Architecture/task1/task1/RegisterFile.vhf"/>
        <Attr Name="ImportTime" Val="1480459209"/>
        <Attr Name="UsedInSynthesis" Val="1"/>
        <Attr Name="UsedInImplementation" Val="1"/>
        <Attr Name="UsedInSimulation" Val="1"/>
      </FileInfo>
    </File>
    <File Path="$PSRCDIR/sources_1/imports/task1/frtb.vhd">
      <FileInfo>
        <Attr Name="ImportPath" Val="$PPRDIR/../../Final CPU Architecture/task1/task1/frtb.vhd"/>
        <Attr Name="ImportTime" Val="1480459207"/>
        <Attr Name="UsedInSynthesis" Val="1"/>
        <Attr Name="UsedInImplementation" Val="1"/>
        <Attr Name="UsedInSimulation" Val="1"/>
      </FileInfo>
    </File>
    <File Path="$PSRCDIR/sources_1/imports/task1/SIMPREG_tb.vhd">
      <FileInfo>
        <Attr Name="ImportPath" Val="$PPRDIR/../../Final CPU Architecture/task1/task1/SIMPREG_tb.vhd"/>
        <Attr Name="ImportTime" Val="1480459210"/>
        <Attr Name="UsedInSynthesis" Val="1"/>
        <Attr Name="UsedInImplementation" Val="1"/>
        <Attr Name="UsedInSimulation" Val="1"/>
      </FileInfo>
    </File>
    <File Path="$PSRCDIR/sources_1/imports/task1/muxQ321_tb.vhd">
      <FileInfo>
        <Attr Name="ImportPath" Val="$PPRDIR/../../Final CPU Architecture/task1/task1/muxQ321_tb.vhd"/>
        <Attr Name="ImportTime" Val="1480459209"/>
        <Attr Name="UsedInSynthesis" Val="1"/>
        <Attr Name="UsedInImplementation" Val="1"/>
        <Attr Name="UsedInSimulation" Val="1"/>
      </FileInfo>
    </File>
    <File Path="$PSRCDIR/sources_1/imports/task1/decoder_tb.vhd">
      <FileInfo>
        <Attr Name="ImportPath" Val="$PPRDIR/../../Final CPU Architecture/task1/task1/decoder_tb.vhd"/>
        <Attr Name="ImportTime" Val="1480459207"/>
        <Attr Name="UsedInSynthesis" Val="1"/>
        <Attr Name="UsedInImplementation" Val="1"/>
        <Attr Name="UsedInSimulation" Val="1"/>
      </FileInfo>
    </File>
    <File Path="$PSRCDIR/sources_1/imports/task1/fileregister_tb.vhd">
      <FileInfo>
        <Attr Name="ImportPath" Val="$PPRDIR/../../Final CPU Architecture/task1/task1/fileregister_tb.vhd"/>
        <Attr Name="ImportTime" Val="1480459207"/>
        <Attr Name="UsedInSynthesis" Val="1"/>
        <Attr Name="UsedInImplementation" Val="1"/>
        <Attr Name="UsedInSimulation" Val="1"/>
      </FileInfo>
    </File>
    <File Path="$PSRCDIR/sources_1/imports/task1/fileregistre_tb.vhd">
      <FileInfo>
        <Attr Name="ImportPath" Val="$PPRDIR/../../Final CPU Architecture/task1/task1/fileregistre_tb.vhd"/>
        <Attr Name="ImportTime" Val="1480459207"/>
        <Attr Name="UsedInSynthesis" Val="1"/>
        <Attr Name="UsedInImplementation" Val="1"/>
        <Attr Name="UsedInSimulation" Val="1"/>
      </FileInfo>
    </File>
    <Config>
      <Option Name="DesignMode" Val="RTL"/>
      <Option Name="TopModule" Val="RegisterFile_RegisterFile_sch_tb"/>
      <Option Name="TopLib" Val="work"/>
      <Option Name="TopArchitecture" Val="behavioral"/>
      <Option Name="TopRTLFile" Val="$PSRCDIR/sources_1/imports/task1/frtb.vhd"/>
      <Option Name="TopAutoSet" Val="TRUE"/>
    </Config>
  </FileSet>
</DARoots>
