<?xml version="1.0" encoding="UTF-8"?>
<DARoots Version="1" Minor="25">
  <FileSet Name="sources_1" Type="DesignSrcs" RelSrcDir="$PSRCDIR/sources_1">
    <Filter Type="Srcs"/>
    <File Path="$PPRDIR/../../darji/Lab1/xor2.vhd">
      <FileInfo RelPath="xor2.vhd">
        <Attr Name="Library" Val="gate_lib"/>
        <Attr Name="UsedInSynthesis" Val="1"/>
        <Attr Name="UsedInImplementation" Val="1"/>
        <Attr Name="UsedInSimulation" Val="1"/>
      </FileInfo>
    </File>
    <File Path="$PPRDIR/../../darji/Lab1/and2.vhd">
      <FileInfo RelPath="and2.vhd">
        <Attr Name="Library" Val="gate_lib"/>
        <Attr Name="UsedInSynthesis" Val="1"/>
        <Attr Name="UsedInImplementation" Val="1"/>
        <Attr Name="UsedInSimulation" Val="1"/>
      </FileInfo>
    </File>
    <File Path="$PSRCDIR/sources_1/imports/Downloads/hastr.vhd">
      <FileInfo>
        <Attr Name="ImportPath" Val="C:/Users/jimmy1409/Downloads/hastr.vhd"/>
        <Attr Name="ImportTime" Val="1480366133"/>
        <Attr Name="UsedInSynthesis" Val="1"/>
        <Attr Name="UsedInImplementation" Val="1"/>
        <Attr Name="UsedInSimulation" Val="1"/>
      </FileInfo>
    </File>
    <File Path="$PPRDIR/../../darji/Lab1/or2.vhd">
      <FileInfo RelPath="or2.vhd">
        <Attr Name="Library" Val="gate_lib"/>
        <Attr Name="UsedInSynthesis" Val="1"/>
        <Attr Name="UsedInImplementation" Val="1"/>
        <Attr Name="UsedInSimulation" Val="1"/>
      </FileInfo>
    </File>
    <File Path="$PSRCDIR/sources_1/imports/Downloads/fastr.vhd">
      <FileInfo>
        <Attr Name="ImportPath" Val="C:/Users/jimmy1409/Downloads/fastr.vhd"/>
        <Attr Name="ImportTime" Val="1480366137"/>
        <Attr Name="UsedInSynthesis" Val="1"/>
        <Attr Name="UsedInImplementation" Val="1"/>
        <Attr Name="UsedInSimulation" Val="1"/>
      </FileInfo>
    </File>
    <File Path="$PPRDIR/../../darji/Lab1/mux2.vhd">
      <FileInfo RelPath="mux2.vhd">
        <Attr Name="Library" Val="gate_lib"/>
        <Attr Name="UsedInSynthesis" Val="1"/>
        <Attr Name="UsedInImplementation" Val="1"/>
        <Attr Name="UsedInSimulation" Val="1"/>
      </FileInfo>
    </File>
    <File Path="$PSRCDIR/sources_1/imports/Downloads/alustr.vhd">
      <FileInfo>
        <Attr Name="ImportPath" Val="C:/Users/jimmy1409/Downloads/alustr.vhd"/>
        <Attr Name="ImportTime" Val="1480366127"/>
        <Attr Name="UsedInSynthesis" Val="1"/>
        <Attr Name="UsedInImplementation" Val="1"/>
        <Attr Name="UsedInSimulation" Val="1"/>
      </FileInfo>
    </File>
    <File Path="$PSRCDIR/sources_1/imports/Downloads/shregstr.vhd">
      <FileInfo>
        <Attr Name="ImportPath" Val="C:/Users/jimmy1409/Downloads/shregstr.vhd"/>
        <Attr Name="ImportTime" Val="1480366100"/>
        <Attr Name="UsedInSynthesis" Val="1"/>
        <Attr Name="UsedInImplementation" Val="1"/>
        <Attr Name="UsedInSimulation" Val="1"/>
      </FileInfo>
    </File>
    <File Path="$PSRCDIR/sources_1/imports/Downloads/shregstr_tb(1).vhd">
      <FileInfo>
        <Attr Name="ImportPath" Val="C:/Users/jimmy1409/Downloads/shregstr_tb(1).vhd"/>
        <Attr Name="ImportTime" Val="1480366118"/>
        <Attr Name="UsedInSynthesis" Val="1"/>
        <Attr Name="UsedInImplementation" Val="1"/>
        <Attr Name="UsedInSimulation" Val="1"/>
      </FileInfo>
    </File>
    <File Path="$PSRCDIR/sources_1/imports/Downloads/reg8str.vhd">
      <FileInfo>
        <Attr Name="ImportPath" Val="C:/Users/jimmy1409/Downloads/reg8str.vhd"/>
        <Attr Name="ImportTime" Val="1480366109"/>
        <Attr Name="UsedInSynthesis" Val="1"/>
        <Attr Name="UsedInImplementation" Val="1"/>
        <Attr Name="UsedInSimulation" Val="1"/>
      </FileInfo>
    </File>
    <File Path="$PSRCDIR/sources_1/imports/Lab1/and2.vhd">
      <FileInfo>
        <Attr Name="ImportPath" Val="$PPRDIR/../../darji/Lab1/and2.vhd"/>
        <Attr Name="ImportTime" Val="1480366567"/>
        <Attr Name="UsedInSynthesis" Val="1"/>
        <Attr Name="UsedInImplementation" Val="1"/>
        <Attr Name="UsedInSimulation" Val="1"/>
      </FileInfo>
    </File>
    <File Path="$PSRCDIR/sources_1/imports/Lab1/and2_tb.vhd">
      <FileInfo>
        <Attr Name="ImportPath" Val="$PPRDIR/../../darji/Lab1/and2_tb.vhd"/>
        <Attr Name="ImportTime" Val="1480366567"/>
        <Attr Name="UsedInSynthesis" Val="1"/>
        <Attr Name="UsedInImplementation" Val="1"/>
        <Attr Name="UsedInSimulation" Val="1"/>
      </FileInfo>
    </File>
    <File Path="$PSRCDIR/sources_1/imports/Lab1/dff.vhd">
      <FileInfo>
        <Attr Name="ImportPath" Val="$PPRDIR/../../darji/Lab1/dff.vhd"/>
        <Attr Name="ImportTime" Val="1480366567"/>
        <Attr Name="UsedInSynthesis" Val="1"/>
        <Attr Name="UsedInImplementation" Val="1"/>
        <Attr Name="UsedInSimulation" Val="1"/>
      </FileInfo>
    </File>
    <File Path="$PSRCDIR/sources_1/imports/Lab1/dff_tb.vhd">
      <FileInfo>
        <Attr Name="ImportPath" Val="$PPRDIR/../../darji/Lab1/dff_tb.vhd"/>
        <Attr Name="ImportTime" Val="1480366567"/>
        <Attr Name="UsedInSynthesis" Val="1"/>
        <Attr Name="UsedInImplementation" Val="1"/>
        <Attr Name="UsedInSimulation" Val="1"/>
      </FileInfo>
    </File>
    <File Path="$PSRCDIR/sources_1/imports/Lab1/inv.vhd">
      <FileInfo>
        <Attr Name="ImportPath" Val="$PPRDIR/../../darji/Lab1/inv.vhd"/>
        <Attr Name="ImportTime" Val="1480366567"/>
        <Attr Name="UsedInSynthesis" Val="1"/>
        <Attr Name="UsedInImplementation" Val="1"/>
        <Attr Name="UsedInSimulation" Val="1"/>
      </FileInfo>
    </File>
    <File Path="$PSRCDIR/sources_1/imports/Lab1/inv_tb.vhd">
      <FileInfo>
        <Attr Name="ImportPath" Val="$PPRDIR/../../darji/Lab1/inv_tb.vhd"/>
        <Attr Name="ImportTime" Val="1480366567"/>
        <Attr Name="UsedInSynthesis" Val="1"/>
        <Attr Name="UsedInImplementation" Val="1"/>
        <Attr Name="UsedInSimulation" Val="1"/>
      </FileInfo>
    </File>
    <File Path="$PSRCDIR/sources_1/imports/Lab1/mux2.vhd">
      <FileInfo>
        <Attr Name="ImportPath" Val="$PPRDIR/../../darji/Lab1/mux2.vhd"/>
        <Attr Name="ImportTime" Val="1480366567"/>
        <Attr Name="UsedInSynthesis" Val="1"/>
        <Attr Name="UsedInImplementation" Val="1"/>
        <Attr Name="UsedInSimulation" Val="1"/>
      </FileInfo>
    </File>
    <File Path="$PSRCDIR/sources_1/imports/Lab1/mux2_tb.vhd">
      <FileInfo>
        <Attr Name="ImportPath" Val="$PPRDIR/../../darji/Lab1/mux2_tb.vhd"/>
        <Attr Name="ImportTime" Val="1480366567"/>
        <Attr Name="UsedInSynthesis" Val="1"/>
        <Attr Name="UsedInImplementation" Val="1"/>
        <Attr Name="UsedInSimulation" Val="1"/>
      </FileInfo>
    </File>
    <File Path="$PSRCDIR/sources_1/imports/Lab1/mux4.vhd">
      <FileInfo>
        <Attr Name="ImportPath" Val="$PPRDIR/../../darji/Lab1/mux4.vhd"/>
        <Attr Name="ImportTime" Val="1480366567"/>
        <Attr Name="UsedInSynthesis" Val="1"/>
        <Attr Name="UsedInImplementation" Val="1"/>
        <Attr Name="UsedInSimulation" Val="1"/>
      </FileInfo>
    </File>
    <File Path="$PSRCDIR/sources_1/imports/Lab1/mux4_tb.vhd">
      <FileInfo>
        <Attr Name="ImportPath" Val="$PPRDIR/../../darji/Lab1/mux4_tb.vhd"/>
        <Attr Name="ImportTime" Val="1480366567"/>
        <Attr Name="UsedInSynthesis" Val="1"/>
        <Attr Name="UsedInImplementation" Val="1"/>
        <Attr Name="UsedInSimulation" Val="1"/>
      </FileInfo>
    </File>
    <File Path="$PSRCDIR/sources_1/imports/Lab1/nand2.vhd">
      <FileInfo>
        <Attr Name="ImportPath" Val="$PPRDIR/../../darji/Lab1/nand2.vhd"/>
        <Attr Name="ImportTime" Val="1480366567"/>
        <Attr Name="UsedInSynthesis" Val="1"/>
        <Attr Name="UsedInImplementation" Val="1"/>
        <Attr Name="UsedInSimulation" Val="1"/>
      </FileInfo>
    </File>
    <File Path="$PSRCDIR/sources_1/imports/Lab1/nand2_tb.vhd">
      <FileInfo>
        <Attr Name="ImportPath" Val="$PPRDIR/../../darji/Lab1/nand2_tb.vhd"/>
        <Attr Name="ImportTime" Val="1480366567"/>
        <Attr Name="UsedInSynthesis" Val="1"/>
        <Attr Name="UsedInImplementation" Val="1"/>
        <Attr Name="UsedInSimulation" Val="1"/>
      </FileInfo>
    </File>
    <File Path="$PSRCDIR/sources_1/imports/Lab1/nor2.vhd">
      <FileInfo>
        <Attr Name="ImportPath" Val="$PPRDIR/../../darji/Lab1/nor2.vhd"/>
        <Attr Name="ImportTime" Val="1480366567"/>
        <Attr Name="UsedInSynthesis" Val="1"/>
        <Attr Name="UsedInImplementation" Val="1"/>
        <Attr Name="UsedInSimulation" Val="1"/>
      </FileInfo>
    </File>
    <File Path="$PSRCDIR/sources_1/imports/Lab1/nor2_tb.vhd">
      <FileInfo>
        <Attr Name="ImportPath" Val="$PPRDIR/../../darji/Lab1/nor2_tb.vhd"/>
        <Attr Name="ImportTime" Val="1480366567"/>
        <Attr Name="UsedInSynthesis" Val="1"/>
        <Attr Name="UsedInImplementation" Val="1"/>
        <Attr Name="UsedInSimulation" Val="1"/>
      </FileInfo>
    </File>
    <File Path="$PSRCDIR/sources_1/imports/Lab1/or2.vhd">
      <FileInfo>
        <Attr Name="ImportPath" Val="$PPRDIR/../../darji/Lab1/or2.vhd"/>
        <Attr Name="ImportTime" Val="1480366567"/>
        <Attr Name="UsedInSynthesis" Val="1"/>
        <Attr Name="UsedInImplementation" Val="1"/>
        <Attr Name="UsedInSimulation" Val="1"/>
      </FileInfo>
    </File>
    <File Path="$PSRCDIR/sources_1/imports/Lab1/or2_tb.vhd">
      <FileInfo>
        <Attr Name="ImportPath" Val="$PPRDIR/../../darji/Lab1/or2_tb.vhd"/>
        <Attr Name="ImportTime" Val="1480366567"/>
        <Attr Name="UsedInSynthesis" Val="1"/>
        <Attr Name="UsedInImplementation" Val="1"/>
        <Attr Name="UsedInSimulation" Val="1"/>
      </FileInfo>
    </File>
    <File Path="$PSRCDIR/sources_1/imports/Lab1/xor2.vhd">
      <FileInfo>
        <Attr Name="ImportPath" Val="$PPRDIR/../../darji/Lab1/xor2.vhd"/>
        <Attr Name="ImportTime" Val="1480366567"/>
        <Attr Name="UsedInSynthesis" Val="1"/>
        <Attr Name="UsedInImplementation" Val="1"/>
        <Attr Name="UsedInSimulation" Val="1"/>
      </FileInfo>
    </File>
    <File Path="$PSRCDIR/sources_1/imports/Lab1/xor2_tb.vhd">
      <FileInfo>
        <Attr Name="ImportPath" Val="$PPRDIR/../../darji/Lab1/xor2_tb.vhd"/>
        <Attr Name="ImportTime" Val="1480366567"/>
        <Attr Name="UsedInSynthesis" Val="1"/>
        <Attr Name="UsedInImplementation" Val="1"/>
        <Attr Name="UsedInSimulation" Val="1"/>
      </FileInfo>
    </File>
    <File Path="$PSRCDIR/sources_1/imports/Lab2/arithshreg.vhd">
      <FileInfo>
        <Attr Name="ImportPath" Val="$PPRDIR/../../darji/Lab2/arithshreg.vhd"/>
        <Attr Name="ImportTime" Val="1480366567"/>
        <Attr Name="UsedInSynthesis" Val="1"/>
        <Attr Name="UsedInImplementation" Val="1"/>
        <Attr Name="UsedInSimulation" Val="1"/>
      </FileInfo>
    </File>
    <File Path="$PSRCDIR/sources_1/imports/Lab2/mux21.vhd">
      <FileInfo>
        <Attr Name="ImportPath" Val="$PPRDIR/../../darji/Lab2/mux21.vhd"/>
        <Attr Name="ImportTime" Val="1480366567"/>
        <Attr Name="UsedInSynthesis" Val="1"/>
        <Attr Name="UsedInImplementation" Val="1"/>
        <Attr Name="UsedInSimulation" Val="1"/>
      </FileInfo>
    </File>
    <File Path="$PSRCDIR/sources_1/imports/Lab2/mux41.vhd">
      <FileInfo>
        <Attr Name="ImportPath" Val="$PPRDIR/../../darji/Lab2/mux41.vhd"/>
        <Attr Name="ImportTime" Val="1480366567"/>
        <Attr Name="UsedInSynthesis" Val="1"/>
        <Attr Name="UsedInImplementation" Val="1"/>
        <Attr Name="UsedInSimulation" Val="1"/>
      </FileInfo>
    </File>
    <File Path="$PPRDIR/../../darji/Lab1/xor2_tb.vhd">
      <FileInfo RelPath="xor2_tb.vhd">
        <Attr Name="Library" Val="gate_lib"/>
        <Attr Name="UsedInSynthesis" Val="1"/>
        <Attr Name="UsedInImplementation" Val="1"/>
        <Attr Name="UsedInSimulation" Val="1"/>
      </FileInfo>
    </File>
    <File Path="$PPRDIR/../../darji/Lab1/or2_tb.vhd">
      <FileInfo RelPath="or2_tb.vhd">
        <Attr Name="Library" Val="gate_lib"/>
        <Attr Name="UsedInSynthesis" Val="1"/>
        <Attr Name="UsedInImplementation" Val="1"/>
        <Attr Name="UsedInSimulation" Val="1"/>
      </FileInfo>
    </File>
    <File Path="$PPRDIR/../../darji/Lab1/nor2_tb.vhd">
      <FileInfo RelPath="nor2_tb.vhd">
        <Attr Name="Library" Val="gate_lib"/>
        <Attr Name="UsedInSynthesis" Val="1"/>
        <Attr Name="UsedInImplementation" Val="1"/>
        <Attr Name="UsedInSimulation" Val="1"/>
      </FileInfo>
    </File>
    <File Path="$PPRDIR/../../darji/Lab1/nor2.vhd">
      <FileInfo RelPath="nor2.vhd">
        <Attr Name="Library" Val="gate_lib"/>
        <Attr Name="UsedInSynthesis" Val="1"/>
        <Attr Name="UsedInImplementation" Val="1"/>
        <Attr Name="UsedInSimulation" Val="1"/>
      </FileInfo>
    </File>
    <File Path="$PPRDIR/../../darji/Lab1/nand2_tb.vhd">
      <FileInfo RelPath="nand2_tb.vhd">
        <Attr Name="Library" Val="gate_lib"/>
        <Attr Name="UsedInSynthesis" Val="1"/>
        <Attr Name="UsedInImplementation" Val="1"/>
        <Attr Name="UsedInSimulation" Val="1"/>
      </FileInfo>
    </File>
    <File Path="$PPRDIR/../../darji/Lab1/nand2.vhd">
      <FileInfo RelPath="nand2.vhd">
        <Attr Name="Library" Val="gate_lib"/>
        <Attr Name="UsedInSynthesis" Val="1"/>
        <Attr Name="UsedInImplementation" Val="1"/>
        <Attr Name="UsedInSimulation" Val="1"/>
      </FileInfo>
    </File>
    <File Path="$PPRDIR/../../darji/Lab1/mux4_tb.vhd">
      <FileInfo RelPath="mux4_tb.vhd">
        <Attr Name="Library" Val="gate_lib"/>
        <Attr Name="UsedInSynthesis" Val="1"/>
        <Attr Name="UsedInImplementation" Val="1"/>
        <Attr Name="UsedInSimulation" Val="1"/>
      </FileInfo>
    </File>
    <File Path="$PPRDIR/../../darji/Lab1/mux4.vhd">
      <FileInfo RelPath="mux4.vhd">
        <Attr Name="Library" Val="gate_lib"/>
        <Attr Name="UsedInSynthesis" Val="1"/>
        <Attr Name="UsedInImplementation" Val="1"/>
        <Attr Name="UsedInSimulation" Val="1"/>
      </FileInfo>
    </File>
    <File Path="$PPRDIR/../../darji/Lab1/mux2_tb.vhd">
      <FileInfo RelPath="mux2_tb.vhd">
        <Attr Name="Library" Val="gate_lib"/>
        <Attr Name="UsedInSynthesis" Val="1"/>
        <Attr Name="UsedInImplementation" Val="1"/>
        <Attr Name="UsedInSimulation" Val="1"/>
      </FileInfo>
    </File>
    <File Path="$PPRDIR/../../darji/Lab1/inv_tb.vhd">
      <FileInfo RelPath="inv_tb.vhd">
        <Attr Name="Library" Val="gate_lib"/>
        <Attr Name="UsedInSynthesis" Val="1"/>
        <Attr Name="UsedInImplementation" Val="1"/>
        <Attr Name="UsedInSimulation" Val="1"/>
      </FileInfo>
    </File>
    <File Path="$PPRDIR/../../darji/Lab1/inv.vhd">
      <FileInfo RelPath="inv.vhd">
        <Attr Name="Library" Val="gate_lib"/>
        <Attr Name="UsedInSynthesis" Val="1"/>
        <Attr Name="UsedInImplementation" Val="1"/>
        <Attr Name="UsedInSimulation" Val="1"/>
      </FileInfo>
    </File>
    <File Path="$PPRDIR/../../darji/Lab1/dff_tb.vhd">
      <FileInfo RelPath="dff_tb.vhd">
        <Attr Name="Library" Val="gate_lib"/>
        <Attr Name="UsedInSynthesis" Val="1"/>
        <Attr Name="UsedInImplementation" Val="1"/>
        <Attr Name="UsedInSimulation" Val="1"/>
      </FileInfo>
    </File>
    <File Path="$PPRDIR/../../darji/Lab1/dff.vhd">
      <FileInfo RelPath="dff.vhd">
        <Attr Name="Library" Val="gate_lib"/>
        <Attr Name="UsedInSynthesis" Val="1"/>
        <Attr Name="UsedInImplementation" Val="1"/>
        <Attr Name="UsedInSimulation" Val="1"/>
      </FileInfo>
    </File>
    <File Path="$PPRDIR/../../darji/Lab1/and2_tb.vhd">
      <FileInfo RelPath="and2_tb.vhd">
        <Attr Name="Library" Val="gate_lib"/>
        <Attr Name="UsedInSynthesis" Val="1"/>
        <Attr Name="UsedInImplementation" Val="1"/>
        <Attr Name="UsedInSimulation" Val="1"/>
      </FileInfo>
    </File>
    <Config>
      <Option Name="DesignMode" Val="RTL"/>
      <Option Name="TopModule" Val="alu_str"/>
      <Option Name="TopLib" Val="work"/>
      <Option Name="TopArchitecture" Val="structural"/>
      <Option Name="TopRTLFile" Val="$PSRCDIR/sources_1/imports/Downloads/alustr.vhd"/>
      <Option Name="TopAutoSet" Val="TRUE"/>
    </Config>
  </FileSet>
</DARoots>
