<?xml version="1.0" encoding="UTF-8"?>
<DARoots Version="1" Minor="25">
  <FileSet Name="sources_1" Type="DesignSrcs" RelSrcDir="$PSRCDIR/sources_1">
    <Filter Type="Srcs"/>
    <File Path="$PSRCDIR/sources_1/imports/inal CPU Architecture/task1/task1/SIMPREG.vhd">
      <FileInfo>
        <Attr Name="ImportPath" Val="$PPRDIR/../../Final CPU Architecture/task1/task1/SIMPREG.vhd"/>
        <Attr Name="ImportTime" Val="1480459209"/>
        <Attr Name="UsedInSynthesis" Val="1"/>
        <Attr Name="UsedInImplementation" Val="1"/>
        <Attr Name="UsedInSimulation" Val="1"/>
      </FileInfo>
    </File>
    <File Path="$PSRCDIR/sources_1/imports/inal CPU Architecture/task1/task1/muxQ321.vhd">
      <FileInfo>
        <Attr Name="ImportPath" Val="$PPRDIR/../../Final CPU Architecture/task1/task1/muxQ321.vhd"/>
        <Attr Name="ImportTime" Val="1480459209"/>
        <Attr Name="UsedInSynthesis" Val="1"/>
        <Attr Name="UsedInImplementation" Val="1"/>
        <Attr Name="UsedInSimulation" Val="1"/>
      </FileInfo>
    </File>
    <File Path="$PSRCDIR/sources_1/imports/inal CPU Architecture/task1/task1/decoder.vhd">
      <FileInfo>
        <Attr Name="ImportPath" Val="$PPRDIR/../../Final CPU Architecture/task1/task1/decoder.vhd"/>
        <Attr Name="ImportTime" Val="1480459207"/>
        <Attr Name="UsedInSynthesis" Val="1"/>
        <Attr Name="UsedInImplementation" Val="1"/>
        <Attr Name="UsedInSimulation" Val="1"/>
      </FileInfo>
    </File>
    <File Path="$PSRCDIR/sources_1/imports/inal CPU Architecture/task1/task1/RegisterFile.vhf">
      <FileInfo>
        <Attr Name="ImportPath" Val="$PPRDIR/../../Final CPU Architecture/task1/task1/RegisterFile.vhf"/>
        <Attr Name="ImportTime" Val="1480459209"/>
        <Attr Name="UsedInSynthesis" Val="1"/>
        <Attr Name="UsedInImplementation" Val="1"/>
        <Attr Name="UsedInSimulation" Val="1"/>
      </FileInfo>
    </File>
    <File Path="$PSRCDIR/sources_1/imports/inal CPU Architecture/task1/task1/rftb.vhd">
      <FileInfo>
        <Attr Name="ImportPath" Val="$PPRDIR/../../Final CPU Architecture/task1/task1/rftb.vhd"/>
        <Attr Name="ImportTime" Val="1480459209"/>
        <Attr Name="UsedInSynthesis" Val="1"/>
        <Attr Name="UsedInImplementation" Val="1"/>
        <Attr Name="UsedInSimulation" Val="1"/>
      </FileInfo>
    </File>
    <File Path="$PSRCDIR/sources_1/new/Register32.vhd">
      <FileInfo>
        <Attr Name="UsedInSynthesis" Val="1"/>
        <Attr Name="UsedInImplementation" Val="1"/>
        <Attr Name="UsedInSimulation" Val="1"/>
      </FileInfo>
    </File>
    <File Path="$PSRCDIR/sources_1/imports/inal CPU Architecture/task1/task1/frtb.vhd">
      <FileInfo>
        <Attr Name="UserDisabled" Val="1"/>
        <Attr Name="ImportPath" Val="$PPRDIR/../../Final CPU Architecture/task1/task1/frtb.vhd"/>
        <Attr Name="ImportTime" Val="1480459207"/>
        <Attr Name="UsedInSynthesis" Val="1"/>
        <Attr Name="UsedInImplementation" Val="1"/>
        <Attr Name="UsedInSimulation" Val="1"/>
      </FileInfo>
    </File>
    <File Path="$PSRCDIR/sources_1/imports/Lab1/resources.vhd">
      <FileInfo>
        <Attr Name="ImportPath" Val="E:/darji/Lab1/resources.vhd"/>
        <Attr Name="ImportTime" Val="1473790500"/>
        <Attr Name="UsedInSynthesis" Val="1"/>
        <Attr Name="UsedInImplementation" Val="1"/>
        <Attr Name="UsedInSimulation" Val="1"/>
      </FileInfo>
    </File>
    <File Path="E:/darji/Lab1/resources.vhd">
      <FileInfo RelPath="resources.vhd">
        <Attr Name="Library" Val="gate_lib"/>
        <Attr Name="UsedInSynthesis" Val="1"/>
        <Attr Name="UsedInImplementation" Val="1"/>
        <Attr Name="UsedInSimulation" Val="1"/>
      </FileInfo>
    </File>
    <File Path="$PSRCDIR/sources_1/imports/Lab1/xor2.vhd">
      <FileInfo>
        <Attr Name="Library" Val="gate_lib"/>
        <Attr Name="ImportPath" Val="$PPRDIR/../../darji/Lab1/xor2.vhd"/>
        <Attr Name="ImportTime" Val="1480366567"/>
        <Attr Name="UsedInSynthesis" Val="1"/>
        <Attr Name="UsedInImplementation" Val="1"/>
        <Attr Name="UsedInSimulation" Val="1"/>
      </FileInfo>
    </File>
    <File Path="$PSRCDIR/sources_1/imports/Lab1/and2.vhd">
      <FileInfo>
        <Attr Name="Library" Val="gate_lib"/>
        <Attr Name="ImportPath" Val="$PPRDIR/../../darji/Lab1/and2.vhd"/>
        <Attr Name="ImportTime" Val="1480366567"/>
        <Attr Name="UsedInSynthesis" Val="1"/>
        <Attr Name="UsedInImplementation" Val="1"/>
        <Attr Name="UsedInSimulation" Val="1"/>
      </FileInfo>
    </File>
    <File Path="$PSRCDIR/sources_1/imports/Lab1/or2.vhd">
      <FileInfo>
        <Attr Name="Library" Val="gate_lib"/>
        <Attr Name="ImportPath" Val="$PPRDIR/../../darji/Lab1/or2.vhd"/>
        <Attr Name="ImportTime" Val="1480366567"/>
        <Attr Name="UsedInSynthesis" Val="1"/>
        <Attr Name="UsedInImplementation" Val="1"/>
        <Attr Name="UsedInSimulation" Val="1"/>
      </FileInfo>
    </File>
    <File Path="$PSRCDIR/sources_1/imports/inal project/hastr.vhd">
      <FileInfo>
        <Attr Name="ImportPath" Val="$PPRDIR/../hastr.vhd"/>
        <Attr Name="ImportTime" Val="1480366133"/>
        <Attr Name="UsedInSynthesis" Val="1"/>
        <Attr Name="UsedInImplementation" Val="1"/>
        <Attr Name="UsedInSimulation" Val="1"/>
      </FileInfo>
    </File>
    <File Path="$PSRCDIR/sources_1/imports/Lab1/mux2.vhd">
      <FileInfo>
        <Attr Name="Library" Val="gate_lib"/>
        <Attr Name="ImportPath" Val="$PPRDIR/../../darji/Lab1/mux2.vhd"/>
        <Attr Name="ImportTime" Val="1480366567"/>
        <Attr Name="UsedInSynthesis" Val="1"/>
        <Attr Name="UsedInImplementation" Val="1"/>
        <Attr Name="UsedInSimulation" Val="1"/>
      </FileInfo>
    </File>
    <File Path="$PSRCDIR/sources_1/imports/inal project/fastr.vhd">
      <FileInfo>
        <Attr Name="ImportPath" Val="$PPRDIR/../fastr.vhd"/>
        <Attr Name="ImportTime" Val="1480366137"/>
        <Attr Name="UsedInSynthesis" Val="1"/>
        <Attr Name="UsedInImplementation" Val="1"/>
        <Attr Name="UsedInSimulation" Val="1"/>
      </FileInfo>
    </File>
    <File Path="$PSRCDIR/sources_1/imports/inal project/alustr_32.vhd">
      <FileInfo>
        <Attr Name="ImportPath" Val="$PPRDIR/../alustr_32.vhd"/>
        <Attr Name="ImportTime" Val="1480367949"/>
        <Attr Name="UsedInSynthesis" Val="1"/>
        <Attr Name="UsedInImplementation" Val="1"/>
        <Attr Name="UsedInSimulation" Val="1"/>
      </FileInfo>
    </File>
    <File Path="$PSRCDIR/sources_1/new/full_adder.vhd">
      <FileInfo>
        <Attr Name="UsedInSynthesis" Val="1"/>
        <Attr Name="UsedInImplementation" Val="1"/>
        <Attr Name="UsedInSimulation" Val="1"/>
      </FileInfo>
    </File>
    <File Path="$PSRCDIR/sources_1/imports/inal CPU Architecture/task1/task1/SIMPREG_tb.vhd">
      <FileInfo>
        <Attr Name="ImportPath" Val="$PPRDIR/../../Final CPU Architecture/task1/task1/SIMPREG_tb.vhd"/>
        <Attr Name="ImportTime" Val="1480459210"/>
        <Attr Name="UsedInSynthesis" Val="1"/>
        <Attr Name="UsedInImplementation" Val="1"/>
        <Attr Name="UsedInSimulation" Val="1"/>
      </FileInfo>
    </File>
    <File Path="$PSRCDIR/sources_1/imports/inal CPU Architecture/task1/task1/muxQ321_tb.vhd">
      <FileInfo>
        <Attr Name="ImportPath" Val="$PPRDIR/../../Final CPU Architecture/task1/task1/muxQ321_tb.vhd"/>
        <Attr Name="ImportTime" Val="1480459209"/>
        <Attr Name="UsedInSynthesis" Val="1"/>
        <Attr Name="UsedInImplementation" Val="1"/>
        <Attr Name="UsedInSimulation" Val="1"/>
      </FileInfo>
    </File>
    <File Path="$PSRCDIR/sources_1/imports/inal CPU Architecture/task1/task1/decoder_tb.vhd">
      <FileInfo>
        <Attr Name="ImportPath" Val="$PPRDIR/../../Final CPU Architecture/task1/task1/decoder_tb.vhd"/>
        <Attr Name="ImportTime" Val="1480459207"/>
        <Attr Name="UsedInSynthesis" Val="1"/>
        <Attr Name="UsedInImplementation" Val="1"/>
        <Attr Name="UsedInSimulation" Val="1"/>
      </FileInfo>
    </File>
    <File Path="$PSRCDIR/sources_1/imports/inal CPU Architecture/task1/task1/fileregister_tb.vhd">
      <FileInfo>
        <Attr Name="ImportPath" Val="$PPRDIR/../../Final CPU Architecture/task1/task1/fileregister_tb.vhd"/>
        <Attr Name="ImportTime" Val="1480459207"/>
        <Attr Name="UsedInSynthesis" Val="1"/>
        <Attr Name="UsedInImplementation" Val="1"/>
        <Attr Name="UsedInSimulation" Val="1"/>
      </FileInfo>
    </File>
    <File Path="$PSRCDIR/sources_1/imports/inal CPU Architecture/task1/task1/fileregistre_tb.vhd">
      <FileInfo>
        <Attr Name="ImportPath" Val="$PPRDIR/../../Final CPU Architecture/task1/task1/fileregistre_tb.vhd"/>
        <Attr Name="ImportTime" Val="1480459207"/>
        <Attr Name="UsedInSynthesis" Val="1"/>
        <Attr Name="UsedInImplementation" Val="1"/>
        <Attr Name="UsedInSimulation" Val="1"/>
      </FileInfo>
    </File>
    <File Path="$PSRCDIR/sources_1/imports/Lab1/xor2_tb.vhd">
      <FileInfo>
        <Attr Name="Library" Val="gate_lib"/>
        <Attr Name="ImportPath" Val="$PPRDIR/../../darji/Lab1/xor2_tb.vhd"/>
        <Attr Name="ImportTime" Val="1480366567"/>
        <Attr Name="UsedInSynthesis" Val="1"/>
        <Attr Name="UsedInImplementation" Val="1"/>
        <Attr Name="UsedInSimulation" Val="1"/>
      </FileInfo>
    </File>
    <File Path="$PSRCDIR/sources_1/imports/Lab1/or2_tb.vhd">
      <FileInfo>
        <Attr Name="Library" Val="gate_lib"/>
        <Attr Name="ImportPath" Val="$PPRDIR/../../darji/Lab1/or2_tb.vhd"/>
        <Attr Name="ImportTime" Val="1480366567"/>
        <Attr Name="UsedInSynthesis" Val="1"/>
        <Attr Name="UsedInImplementation" Val="1"/>
        <Attr Name="UsedInSimulation" Val="1"/>
      </FileInfo>
    </File>
    <File Path="$PSRCDIR/sources_1/imports/Lab1/nor2_tb.vhd">
      <FileInfo>
        <Attr Name="Library" Val="gate_lib"/>
        <Attr Name="ImportPath" Val="$PPRDIR/../../darji/Lab1/nor2_tb.vhd"/>
        <Attr Name="ImportTime" Val="1480366567"/>
        <Attr Name="UsedInSynthesis" Val="1"/>
        <Attr Name="UsedInImplementation" Val="1"/>
        <Attr Name="UsedInSimulation" Val="1"/>
      </FileInfo>
    </File>
    <File Path="$PSRCDIR/sources_1/imports/Lab1/nor2.vhd">
      <FileInfo>
        <Attr Name="Library" Val="gate_lib"/>
        <Attr Name="ImportPath" Val="$PPRDIR/../../darji/Lab1/nor2.vhd"/>
        <Attr Name="ImportTime" Val="1480366567"/>
        <Attr Name="UsedInSynthesis" Val="1"/>
        <Attr Name="UsedInImplementation" Val="1"/>
        <Attr Name="UsedInSimulation" Val="1"/>
      </FileInfo>
    </File>
    <File Path="$PSRCDIR/sources_1/imports/Lab1/nand2_tb.vhd">
      <FileInfo>
        <Attr Name="Library" Val="gate_lib"/>
        <Attr Name="ImportPath" Val="$PPRDIR/../../darji/Lab1/nand2_tb.vhd"/>
        <Attr Name="ImportTime" Val="1480366567"/>
        <Attr Name="UsedInSynthesis" Val="1"/>
        <Attr Name="UsedInImplementation" Val="1"/>
        <Attr Name="UsedInSimulation" Val="1"/>
      </FileInfo>
    </File>
    <File Path="$PSRCDIR/sources_1/imports/Lab1/nand2.vhd">
      <FileInfo>
        <Attr Name="Library" Val="gate_lib"/>
        <Attr Name="ImportPath" Val="$PPRDIR/../../darji/Lab1/nand2.vhd"/>
        <Attr Name="ImportTime" Val="1480366567"/>
        <Attr Name="UsedInSynthesis" Val="1"/>
        <Attr Name="UsedInImplementation" Val="1"/>
        <Attr Name="UsedInSimulation" Val="1"/>
      </FileInfo>
    </File>
    <File Path="$PSRCDIR/sources_1/imports/Lab1/mux4_tb.vhd">
      <FileInfo>
        <Attr Name="Library" Val="gate_lib"/>
        <Attr Name="ImportPath" Val="$PPRDIR/../../darji/Lab1/mux4_tb.vhd"/>
        <Attr Name="ImportTime" Val="1480366567"/>
        <Attr Name="UsedInSynthesis" Val="1"/>
        <Attr Name="UsedInImplementation" Val="1"/>
        <Attr Name="UsedInSimulation" Val="1"/>
      </FileInfo>
    </File>
    <File Path="$PSRCDIR/sources_1/imports/Lab1/mux4.vhd">
      <FileInfo>
        <Attr Name="Library" Val="gate_lib"/>
        <Attr Name="ImportPath" Val="$PPRDIR/../../darji/Lab1/mux4.vhd"/>
        <Attr Name="ImportTime" Val="1480366567"/>
        <Attr Name="UsedInSynthesis" Val="1"/>
        <Attr Name="UsedInImplementation" Val="1"/>
        <Attr Name="UsedInSimulation" Val="1"/>
      </FileInfo>
    </File>
    <File Path="$PSRCDIR/sources_1/imports/Lab1/mux2_tb.vhd">
      <FileInfo>
        <Attr Name="Library" Val="gate_lib"/>
        <Attr Name="ImportPath" Val="$PPRDIR/../../darji/Lab1/mux2_tb.vhd"/>
        <Attr Name="ImportTime" Val="1480366567"/>
        <Attr Name="UsedInSynthesis" Val="1"/>
        <Attr Name="UsedInImplementation" Val="1"/>
        <Attr Name="UsedInSimulation" Val="1"/>
      </FileInfo>
    </File>
    <File Path="$PSRCDIR/sources_1/imports/Lab1/inv_tb.vhd">
      <FileInfo>
        <Attr Name="Library" Val="gate_lib"/>
        <Attr Name="ImportPath" Val="$PPRDIR/../../darji/Lab1/inv_tb.vhd"/>
        <Attr Name="ImportTime" Val="1480366567"/>
        <Attr Name="UsedInSynthesis" Val="1"/>
        <Attr Name="UsedInImplementation" Val="1"/>
        <Attr Name="UsedInSimulation" Val="1"/>
      </FileInfo>
    </File>
    <File Path="$PSRCDIR/sources_1/imports/Lab1/inv.vhd">
      <FileInfo>
        <Attr Name="Library" Val="gate_lib"/>
        <Attr Name="ImportPath" Val="$PPRDIR/../../darji/Lab1/inv.vhd"/>
        <Attr Name="ImportTime" Val="1480366567"/>
        <Attr Name="UsedInSynthesis" Val="1"/>
        <Attr Name="UsedInImplementation" Val="1"/>
        <Attr Name="UsedInSimulation" Val="1"/>
      </FileInfo>
    </File>
    <File Path="$PSRCDIR/sources_1/imports/Lab1/dff_tb.vhd">
      <FileInfo>
        <Attr Name="Library" Val="gate_lib"/>
        <Attr Name="ImportPath" Val="$PPRDIR/../../darji/Lab1/dff_tb.vhd"/>
        <Attr Name="ImportTime" Val="1480366567"/>
        <Attr Name="UsedInSynthesis" Val="1"/>
        <Attr Name="UsedInImplementation" Val="1"/>
        <Attr Name="UsedInSimulation" Val="1"/>
      </FileInfo>
    </File>
    <File Path="$PSRCDIR/sources_1/imports/Lab1/dff.vhd">
      <FileInfo>
        <Attr Name="Library" Val="gate_lib"/>
        <Attr Name="ImportPath" Val="$PPRDIR/../../darji/Lab1/dff.vhd"/>
        <Attr Name="ImportTime" Val="1480366567"/>
        <Attr Name="UsedInSynthesis" Val="1"/>
        <Attr Name="UsedInImplementation" Val="1"/>
        <Attr Name="UsedInSimulation" Val="1"/>
      </FileInfo>
    </File>
    <File Path="$PSRCDIR/sources_1/imports/Lab1/and2_tb.vhd">
      <FileInfo>
        <Attr Name="Library" Val="gate_lib"/>
        <Attr Name="ImportPath" Val="$PPRDIR/../../darji/Lab1/and2_tb.vhd"/>
        <Attr Name="ImportTime" Val="1480366567"/>
        <Attr Name="UsedInSynthesis" Val="1"/>
        <Attr Name="UsedInImplementation" Val="1"/>
        <Attr Name="UsedInSimulation" Val="1"/>
      </FileInfo>
    </File>
    <File Path="$PSRCDIR/sources_1/imports/new/full_adder_tb.vhd">
      <FileInfo>
        <Attr Name="ImportPath" Val="$PSRCDIR/sim_1/new/full_adder_tb.vhd"/>
        <Attr Name="ImportTime" Val="1480465750"/>
        <Attr Name="UsedInSynthesis" Val="1"/>
        <Attr Name="UsedInImplementation" Val="1"/>
        <Attr Name="UsedInSimulation" Val="1"/>
      </FileInfo>
    </File>
    <File Path="$PSRCDIR/sources_1/imports/Final project/reg32str.vhd">
      <FileInfo>
        <Attr Name="ImportPath" Val="$PPRDIR/../reg32str.vhd"/>
        <Attr Name="ImportTime" Val="1480368032"/>
        <Attr Name="UsedInSynthesis" Val="1"/>
        <Attr Name="UsedInImplementation" Val="1"/>
        <Attr Name="UsedInSimulation" Val="1"/>
      </FileInfo>
    </File>
    <File Path="$PSRCDIR/sources_1/imports/TB2/InstMemSample.vhd">
      <FileInfo>
        <Attr Name="ImportPath" Val="$PPRDIR/../../Final CPU Architecture/TB2/InstMemSample.vhd"/>
        <Attr Name="ImportTime" Val="1480459212"/>
        <Attr Name="UsedInSynthesis" Val="1"/>
        <Attr Name="UsedInImplementation" Val="1"/>
        <Attr Name="UsedInSimulation" Val="1"/>
      </FileInfo>
    </File>
    <File Path="$PSRCDIR/sources_1/imports/TB2/InstMemSample_TB.vhd">
      <FileInfo>
        <Attr Name="ImportPath" Val="$PPRDIR/../../Final CPU Architecture/TB2/InstMemSample_TB.vhd"/>
        <Attr Name="ImportTime" Val="1480459212"/>
        <Attr Name="UsedInSynthesis" Val="1"/>
        <Attr Name="UsedInImplementation" Val="1"/>
        <Attr Name="UsedInSimulation" Val="1"/>
      </FileInfo>
    </File>
    <File Path="$PSRCDIR/sources_1/imports/Instruction_Fetch/Instruction_Fetch.vhd">
      <FileInfo>
        <Attr Name="ImportPath" Val="$PPRDIR/../../Final CPU Architecture/TB2/Instruction_Fetch/Instruction_Fetch.vhd"/>
        <Attr Name="ImportTime" Val="1480459212"/>
        <Attr Name="UsedInSynthesis" Val="1"/>
        <Attr Name="UsedInImplementation" Val="1"/>
        <Attr Name="UsedInSimulation" Val="1"/>
      </FileInfo>
    </File>
    <File Path="$PSRCDIR/sources_1/imports/Instruction_Fetch/Instruction_Fetch_TB.vhd">
      <FileInfo>
        <Attr Name="ImportPath" Val="$PPRDIR/../../Final CPU Architecture/TB2/Instruction_Fetch/Instruction_Fetch_TB.vhd"/>
        <Attr Name="ImportTime" Val="1480459212"/>
        <Attr Name="UsedInSynthesis" Val="1"/>
        <Attr Name="UsedInImplementation" Val="1"/>
        <Attr Name="UsedInSimulation" Val="1"/>
      </FileInfo>
    </File>
    <File Path="$PSRCDIR/sources_1/imports/tb2/Adder.vhd">
      <FileInfo>
        <Attr Name="ImportPath" Val="$PPRDIR/../../Final CPU Architecture/TB2/tb2/Adder.vhd"/>
        <Attr Name="ImportTime" Val="1480459212"/>
        <Attr Name="UsedInSynthesis" Val="1"/>
        <Attr Name="UsedInImplementation" Val="1"/>
        <Attr Name="UsedInSimulation" Val="1"/>
      </FileInfo>
    </File>
    <File Path="$PSRCDIR/sources_1/imports/tb2/Adder_TB.vhd">
      <FileInfo>
        <Attr Name="ImportPath" Val="$PPRDIR/../../Final CPU Architecture/TB2/tb2/Adder_TB.vhd"/>
        <Attr Name="ImportTime" Val="1480459212"/>
        <Attr Name="UsedInSynthesis" Val="1"/>
        <Attr Name="UsedInImplementation" Val="1"/>
        <Attr Name="UsedInSimulation" Val="1"/>
      </FileInfo>
    </File>
    <File Path="$PSRCDIR/sources_1/imports/tb2/BinaryMUX.vhd">
      <FileInfo>
        <Attr Name="ImportPath" Val="$PPRDIR/../../Final CPU Architecture/TB2/tb2/BinaryMUX.vhd"/>
        <Attr Name="ImportTime" Val="1480459212"/>
        <Attr Name="UsedInSynthesis" Val="1"/>
        <Attr Name="UsedInImplementation" Val="1"/>
        <Attr Name="UsedInSimulation" Val="1"/>
      </FileInfo>
    </File>
    <File Path="$PSRCDIR/sources_1/imports/tb2/BinaryMUX_TB.vhd">
      <FileInfo>
        <Attr Name="ImportPath" Val="$PPRDIR/../../Final CPU Architecture/TB2/tb2/BinaryMUX_TB.vhd"/>
        <Attr Name="ImportTime" Val="1480459212"/>
        <Attr Name="UsedInSynthesis" Val="1"/>
        <Attr Name="UsedInImplementation" Val="1"/>
        <Attr Name="UsedInSimulation" Val="1"/>
      </FileInfo>
    </File>
    <File Path="$PSRCDIR/sources_1/imports/tb2/InstrMem32bit.vhd">
      <FileInfo>
        <Attr Name="ImportPath" Val="$PPRDIR/../../Final CPU Architecture/TB2/tb2/InstrMem32bit.vhd"/>
        <Attr Name="ImportTime" Val="1480459212"/>
        <Attr Name="UsedInSynthesis" Val="1"/>
        <Attr Name="UsedInImplementation" Val="1"/>
        <Attr Name="UsedInSimulation" Val="1"/>
      </FileInfo>
    </File>
    <File Path="$PSRCDIR/sources_1/imports/tb2/InstrMem32bit_TB.vhd">
      <FileInfo>
        <Attr Name="ImportPath" Val="$PPRDIR/../../Final CPU Architecture/TB2/tb2/InstrMem32bit_TB.vhd"/>
        <Attr Name="ImportTime" Val="1480459212"/>
        <Attr Name="UsedInSynthesis" Val="1"/>
        <Attr Name="UsedInImplementation" Val="1"/>
        <Attr Name="UsedInSimulation" Val="1"/>
      </FileInfo>
    </File>
    <File Path="$PSRCDIR/sources_1/imports/tb2/Instruction_Fetch.vhd">
      <FileInfo>
        <Attr Name="ImportPath" Val="$PPRDIR/../../Final CPU Architecture/TB2/tb2/Instruction_Fetch.vhd"/>
        <Attr Name="ImportTime" Val="1480459213"/>
        <Attr Name="UsedInSynthesis" Val="1"/>
        <Attr Name="UsedInImplementation" Val="1"/>
        <Attr Name="UsedInSimulation" Val="1"/>
      </FileInfo>
    </File>
    <File Path="$PSRCDIR/sources_1/imports/tb2/Instruction_Fetch_TB.vhd">
      <FileInfo>
        <Attr Name="ImportPath" Val="$PPRDIR/../../Final CPU Architecture/TB2/tb2/Instruction_Fetch_TB.vhd"/>
        <Attr Name="ImportTime" Val="1480459213"/>
        <Attr Name="UsedInSynthesis" Val="1"/>
        <Attr Name="UsedInImplementation" Val="1"/>
        <Attr Name="UsedInSimulation" Val="1"/>
      </FileInfo>
    </File>
    <File Path="$PSRCDIR/sources_1/imports/tb2/Memory_TB.vhd">
      <FileInfo>
        <Attr Name="ImportPath" Val="$PPRDIR/../../Final CPU Architecture/TB2/tb2/Memory_TB.vhd"/>
        <Attr Name="ImportTime" Val="1480459214"/>
        <Attr Name="UsedInSynthesis" Val="1"/>
        <Attr Name="UsedInImplementation" Val="1"/>
        <Attr Name="UsedInSimulation" Val="1"/>
      </FileInfo>
    </File>
    <File Path="$PSRCDIR/sources_1/imports/tb2/Program_Counter.vhd">
      <FileInfo>
        <Attr Name="ImportPath" Val="$PPRDIR/../../Final CPU Architecture/TB2/tb2/Program_Counter.vhd"/>
        <Attr Name="ImportTime" Val="1480459215"/>
        <Attr Name="UsedInSynthesis" Val="1"/>
        <Attr Name="UsedInImplementation" Val="1"/>
        <Attr Name="UsedInSimulation" Val="1"/>
      </FileInfo>
    </File>
    <File Path="$PSRCDIR/sources_1/imports/tb2/Program_Counter_TB.vhd">
      <FileInfo>
        <Attr Name="ImportPath" Val="$PPRDIR/../../Final CPU Architecture/TB2/tb2/Program_Counter_TB.vhd"/>
        <Attr Name="ImportTime" Val="1480459215"/>
        <Attr Name="UsedInSynthesis" Val="1"/>
        <Attr Name="UsedInImplementation" Val="1"/>
        <Attr Name="UsedInSimulation" Val="1"/>
      </FileInfo>
    </File>
    <File Path="$PSRCDIR/sources_1/imports/tb2/Shift_Left.vhd">
      <FileInfo>
        <Attr Name="ImportPath" Val="$PPRDIR/../../Final CPU Architecture/TB2/tb2/Shift_Left.vhd"/>
        <Attr Name="ImportTime" Val="1480459215"/>
        <Attr Name="UsedInSynthesis" Val="1"/>
        <Attr Name="UsedInImplementation" Val="1"/>
        <Attr Name="UsedInSimulation" Val="1"/>
      </FileInfo>
    </File>
    <File Path="$PSRCDIR/sources_1/imports/tb2/Shift_Left_TB.vhd">
      <FileInfo>
        <Attr Name="ImportPath" Val="$PPRDIR/../../Final CPU Architecture/TB2/tb2/Shift_Left_TB.vhd"/>
        <Attr Name="ImportTime" Val="1480459215"/>
        <Attr Name="UsedInSynthesis" Val="1"/>
        <Attr Name="UsedInImplementation" Val="1"/>
        <Attr Name="UsedInSimulation" Val="1"/>
      </FileInfo>
    </File>
    <File Path="$PSRCDIR/sources_1/imports/tb2/ram_tb.vhd">
      <FileInfo>
        <Attr Name="ImportPath" Val="$PPRDIR/../../Final CPU Architecture/TB2/tb2/ram_tb.vhd"/>
        <Attr Name="ImportTime" Val="1480459215"/>
        <Attr Name="UsedInSynthesis" Val="1"/>
        <Attr Name="UsedInImplementation" Val="1"/>
        <Attr Name="UsedInSimulation" Val="1"/>
      </FileInfo>
    </File>
    <File Path="$PSRCDIR/sources_1/imports/Simple_Ram/Memory_TB.vhd">
      <FileInfo>
        <Attr Name="ImportPath" Val="$PPRDIR/../../Final CPU Architecture/TB2/Simple_Ram/Memory_TB.vhd"/>
        <Attr Name="ImportTime" Val="1480459212"/>
        <Attr Name="UsedInSynthesis" Val="1"/>
        <Attr Name="UsedInImplementation" Val="1"/>
        <Attr Name="UsedInSimulation" Val="1"/>
      </FileInfo>
    </File>
    <File Path="$PSRCDIR/sources_1/imports/Simple_Ram/Sp_Ram_asyncRead.vhd">
      <FileInfo>
        <Attr Name="ImportPath" Val="$PPRDIR/../../Final CPU Architecture/TB2/Simple_Ram/Sp_Ram_asyncRead.vhd"/>
        <Attr Name="ImportTime" Val="1480459212"/>
        <Attr Name="UsedInSynthesis" Val="1"/>
        <Attr Name="UsedInImplementation" Val="1"/>
        <Attr Name="UsedInSimulation" Val="1"/>
      </FileInfo>
    </File>
    <File Path="$PSRCDIR/sources_1/imports/Final_CPU_Implementation/SingleCycleCPU.vhd">
      <FileInfo>
        <Attr Name="ImportPath" Val="$PPRDIR/../../Final CPU Architecture/Final_CPU_Implementation/SingleCycleCPU.vhd"/>
        <Attr Name="ImportTime" Val="1480459207"/>
        <Attr Name="UsedInSynthesis" Val="1"/>
        <Attr Name="UsedInImplementation" Val="1"/>
        <Attr Name="UsedInSimulation" Val="1"/>
      </FileInfo>
    </File>
    <File Path="$PSRCDIR/sources_1/imports/Final_CPU_Implementation/Sign_Extend.vhd">
      <FileInfo>
        <Attr Name="ImportPath" Val="$PPRDIR/../../Final CPU Architecture/Final_CPU_Implementation/Sign_Extend.vhd"/>
        <Attr Name="ImportTime" Val="1480459207"/>
        <Attr Name="UsedInSynthesis" Val="1"/>
        <Attr Name="UsedInImplementation" Val="1"/>
        <Attr Name="UsedInSimulation" Val="1"/>
      </FileInfo>
    </File>
    <File Path="$PSRCDIR/sources_1/imports/Final_CPU_Implementation/cpu_tb.vhd">
      <FileInfo>
        <Attr Name="ImportPath" Val="$PPRDIR/../../Final CPU Architecture/Final_CPU_Implementation/cpu_tb.vhd"/>
        <Attr Name="ImportTime" Val="1480459204"/>
        <Attr Name="UsedInSynthesis" Val="1"/>
        <Attr Name="UsedInImplementation" Val="1"/>
        <Attr Name="UsedInSimulation" Val="1"/>
      </FileInfo>
    </File>
    <File Path="$PSRCDIR/sources_1/imports/Final_CPU_Implementation/damnTB.vhd">
      <FileInfo>
        <Attr Name="ImportPath" Val="$PPRDIR/../../Final CPU Architecture/Final_CPU_Implementation/damnTB.vhd"/>
        <Attr Name="ImportTime" Val="1480459204"/>
        <Attr Name="UsedInSynthesis" Val="1"/>
        <Attr Name="UsedInImplementation" Val="1"/>
        <Attr Name="UsedInSimulation" Val="1"/>
      </FileInfo>
    </File>
    <File Path="$PSRCDIR/sources_1/imports/Final_CPU_Implementation/ALUCtrl.vhd">
      <FileInfo>
        <Attr Name="ImportPath" Val="$PPRDIR/../../Final CPU Architecture/Final_CPU_Implementation/ALUCtrl.vhd"/>
        <Attr Name="ImportTime" Val="1480459202"/>
        <Attr Name="UsedInSynthesis" Val="1"/>
        <Attr Name="UsedInImplementation" Val="1"/>
        <Attr Name="UsedInSimulation" Val="1"/>
      </FileInfo>
    </File>
    <File Path="$PSRCDIR/sources_1/imports/Final_CPU_Implementation/ControlUnit.vhd">
      <FileInfo>
        <Attr Name="ImportPath" Val="$PPRDIR/../../Final CPU Architecture/Final_CPU_Implementation/ControlUnit.vhd"/>
        <Attr Name="ImportTime" Val="1480459204"/>
        <Attr Name="UsedInSynthesis" Val="1"/>
        <Attr Name="UsedInImplementation" Val="1"/>
        <Attr Name="UsedInSimulation" Val="1"/>
      </FileInfo>
    </File>
    <File Path="$PSRCDIR/sources_1/imports/task3/ALU.vhd">
      <FileInfo>
        <Attr Name="ImportPath" Val="$PPRDIR/../../Final CPU Architecture/task3/ALU.vhd"/>
        <Attr Name="ImportTime" Val="1480459210"/>
        <Attr Name="UsedInSynthesis" Val="1"/>
        <Attr Name="UsedInImplementation" Val="1"/>
        <Attr Name="UsedInSimulation" Val="1"/>
      </FileInfo>
    </File>
    <File Path="$PSRCDIR/sources_1/imports/Final CPU Architecture/Final_CPU_Implementation/cpu_tb.vhd">
      <FileInfo>
        <Attr Name="ImportPath" Val="$PPRDIR/../../Final CPU Architecture/Final_CPU_Implementation/cpu_tb.vhd"/>
        <Attr Name="ImportTime" Val="1480459204"/>
        <Attr Name="UsedInSynthesis" Val="1"/>
        <Attr Name="UsedInImplementation" Val="1"/>
        <Attr Name="UsedInSimulation" Val="1"/>
      </FileInfo>
    </File>
    <File Path="$PSRCDIR/sources_1/imports/Final CPU Architecture/task3/ControlUnit_TB.vhd">
      <FileInfo>
        <Attr Name="ImportPath" Val="$PPRDIR/../../Final CPU Architecture/task3/ControlUnit_TB.vhd"/>
        <Attr Name="ImportTime" Val="1480459210"/>
        <Attr Name="UsedInSynthesis" Val="1"/>
        <Attr Name="UsedInImplementation" Val="1"/>
        <Attr Name="UsedInSimulation" Val="1"/>
      </FileInfo>
    </File>
    <Config>
      <Option Name="DesignMode" Val="RTL"/>
      <Option Name="TopModule" Val="RegisterFile_RegisterFile_sch_tb"/>
      <Option Name="TopLib" Val="work"/>
      <Option Name="TopArchitecture" Val="behavioral"/>
      <Option Name="TopRTLFile" Val="$PSRCDIR/sources_1/imports/inal CPU Architecture/task1/task1/rftb.vhd"/>
      <Option Name="TopAutoSet" Val="TRUE"/>
    </Config>
  </FileSet>
</DARoots>
