<?xml version="1.0" encoding="UTF-8"?>
<DARoots Version="1" Minor="25">
  <FileSet Name="sources_1" Type="DesignSrcs" RelSrcDir="$PSRCDIR/sources_1">
    <Filter Type="Srcs"/>
    <File Path="E:/darji/Lab1/resources.vhd">
      <FileInfo RelPath="resources.vhd">
        <Attr Name="UsedInSynthesis" Val="1"/>
        <Attr Name="UsedInImplementation" Val="1"/>
        <Attr Name="UsedInSimulation" Val="1"/>
      </FileInfo>
    </File>
    <File Path="$PSRCDIR/sources_1/imports/Lab1/resources.vhd">
      <FileInfo>
        <Attr Name="Library" Val="gate_lib"/>
        <Attr Name="ImportPath" Val="E:/darji/Lab1/resources.vhd"/>
        <Attr Name="ImportTime" Val="1473790500"/>
        <Attr Name="UsedInSynthesis" Val="1"/>
        <Attr Name="UsedInImplementation" Val="1"/>
        <Attr Name="UsedInSimulation" Val="1"/>
      </FileInfo>
    </File>
    <File Path="$PSRCDIR/sources_1/imports/arji/Lab1/xor2.vhd">
      <FileInfo>
        <Attr Name="Library" Val="gate_lib"/>
        <Attr Name="ImportPath" Val="$PPRDIR/../../darji/Lab1/xor2.vhd"/>
        <Attr Name="ImportTime" Val="1480366567"/>
        <Attr Name="UsedInSynthesis" Val="1"/>
        <Attr Name="UsedInImplementation" Val="1"/>
        <Attr Name="UsedInSimulation" Val="1"/>
      </FileInfo>
    </File>
    <File Path="$PSRCDIR/sources_1/imports/arji/Lab1/and2.vhd">
      <FileInfo>
        <Attr Name="Library" Val="gate_lib"/>
        <Attr Name="ImportPath" Val="$PPRDIR/../../darji/Lab1/and2.vhd"/>
        <Attr Name="ImportTime" Val="1480366567"/>
        <Attr Name="UsedInSynthesis" Val="1"/>
        <Attr Name="UsedInImplementation" Val="1"/>
        <Attr Name="UsedInSimulation" Val="1"/>
      </FileInfo>
    </File>
    <File Path="$PSRCDIR/sources_1/imports/Final project/hastr.vhd">
      <FileInfo>
        <Attr Name="ImportPath" Val="$PPRDIR/../hastr.vhd"/>
        <Attr Name="ImportTime" Val="1480366133"/>
        <Attr Name="UsedInSynthesis" Val="1"/>
        <Attr Name="UsedInImplementation" Val="1"/>
        <Attr Name="UsedInSimulation" Val="1"/>
      </FileInfo>
    </File>
    <File Path="$PSRCDIR/sources_1/new/Register32bit.vhd">
      <FileInfo>
        <Attr Name="UsedInSynthesis" Val="1"/>
        <Attr Name="UsedInImplementation" Val="1"/>
        <Attr Name="UsedInSimulation" Val="1"/>
      </FileInfo>
    </File>
    <File Path="$PSRCDIR/sources_1/imports/arji/Lab1/or2.vhd">
      <FileInfo>
        <Attr Name="Library" Val="gate_lib"/>
        <Attr Name="ImportPath" Val="$PPRDIR/../../darji/Lab1/or2.vhd"/>
        <Attr Name="ImportTime" Val="1480366567"/>
        <Attr Name="UsedInSynthesis" Val="1"/>
        <Attr Name="UsedInImplementation" Val="1"/>
        <Attr Name="UsedInSimulation" Val="1"/>
      </FileInfo>
    </File>
    <File Path="$PSRCDIR/sources_1/imports/Final project/fastr.vhd">
      <FileInfo>
        <Attr Name="ImportPath" Val="$PPRDIR/../fastr.vhd"/>
        <Attr Name="ImportTime" Val="1480366137"/>
        <Attr Name="UsedInSynthesis" Val="1"/>
        <Attr Name="UsedInImplementation" Val="1"/>
        <Attr Name="UsedInSimulation" Val="1"/>
      </FileInfo>
    </File>
    <File Path="$PSRCDIR/sources_1/imports/arji/Lab1/mux2.vhd">
      <FileInfo>
        <Attr Name="Library" Val="gate_lib"/>
        <Attr Name="ImportPath" Val="$PPRDIR/../../darji/Lab1/mux2.vhd"/>
        <Attr Name="ImportTime" Val="1480366567"/>
        <Attr Name="UsedInSynthesis" Val="1"/>
        <Attr Name="UsedInImplementation" Val="1"/>
        <Attr Name="UsedInSimulation" Val="1"/>
      </FileInfo>
    </File>
    <File Path="$PSRCDIR/sources_1/imports/Final project/alustr_32.vhd">
      <FileInfo>
        <Attr Name="ImportPath" Val="$PPRDIR/../alustr_32.vhd"/>
        <Attr Name="ImportTime" Val="1480367949"/>
        <Attr Name="UsedInSynthesis" Val="1"/>
        <Attr Name="UsedInImplementation" Val="1"/>
        <Attr Name="UsedInSimulation" Val="1"/>
      </FileInfo>
    </File>
    <File Path="$PSRCDIR/sources_1/new/ADDER_32bit.vhd">
      <FileInfo>
        <Attr Name="ImportPath" Val="$PPRDIR/../shift_32/shift_32.srcs/sources_1/new/ADDER_32bit.vhd"/>
        <Attr Name="ImportTime" Val="1480385725"/>
        <Attr Name="UsedInSynthesis" Val="1"/>
        <Attr Name="UsedInImplementation" Val="1"/>
        <Attr Name="UsedInSimulation" Val="1"/>
      </FileInfo>
    </File>
    <File Path="$PSRCDIR/sources_1/imports/arji/Lab1/nor2.vhd">
      <FileInfo>
        <Attr Name="Library" Val="gate_lib"/>
        <Attr Name="ImportPath" Val="$PPRDIR/../../darji/Lab1/nor2.vhd"/>
        <Attr Name="ImportTime" Val="1480366567"/>
        <Attr Name="UsedInSynthesis" Val="1"/>
        <Attr Name="UsedInImplementation" Val="1"/>
        <Attr Name="UsedInSimulation" Val="1"/>
      </FileInfo>
    </File>
    <File Path="$PSRCDIR/sources_1/imports/arji/Lab1/nand2.vhd">
      <FileInfo>
        <Attr Name="Library" Val="gate_lib"/>
        <Attr Name="ImportPath" Val="$PPRDIR/../../darji/Lab1/nand2.vhd"/>
        <Attr Name="ImportTime" Val="1480366567"/>
        <Attr Name="UsedInSynthesis" Val="1"/>
        <Attr Name="UsedInImplementation" Val="1"/>
        <Attr Name="UsedInSimulation" Val="1"/>
      </FileInfo>
    </File>
    <File Path="$PSRCDIR/sources_1/imports/arji/Lab1/mux4.vhd">
      <FileInfo>
        <Attr Name="Library" Val="gate_lib"/>
        <Attr Name="ImportPath" Val="$PPRDIR/../../darji/Lab1/mux4.vhd"/>
        <Attr Name="ImportTime" Val="1480366567"/>
        <Attr Name="UsedInSynthesis" Val="1"/>
        <Attr Name="UsedInImplementation" Val="1"/>
        <Attr Name="UsedInSimulation" Val="1"/>
      </FileInfo>
    </File>
    <File Path="$PSRCDIR/sources_1/imports/arji/Lab1/inv.vhd">
      <FileInfo>
        <Attr Name="Library" Val="gate_lib"/>
        <Attr Name="ImportPath" Val="$PPRDIR/../../darji/Lab1/inv.vhd"/>
        <Attr Name="ImportTime" Val="1480366567"/>
        <Attr Name="UsedInSynthesis" Val="1"/>
        <Attr Name="UsedInImplementation" Val="1"/>
        <Attr Name="UsedInSimulation" Val="1"/>
      </FileInfo>
    </File>
    <File Path="$PSRCDIR/sources_1/imports/arji/Lab1/dff.vhd">
      <FileInfo>
        <Attr Name="Library" Val="gate_lib"/>
        <Attr Name="ImportPath" Val="$PPRDIR/../../darji/Lab1/dff.vhd"/>
        <Attr Name="ImportTime" Val="1480366567"/>
        <Attr Name="UsedInSynthesis" Val="1"/>
        <Attr Name="UsedInImplementation" Val="1"/>
        <Attr Name="UsedInSimulation" Val="1"/>
      </FileInfo>
    </File>
    <File Path="$PSRCDIR/sources_1/imports/Final project/reg32str.vhd">
      <FileInfo>
        <Attr Name="ImportPath" Val="$PPRDIR/../reg32str.vhd"/>
        <Attr Name="ImportTime" Val="1480368032"/>
        <Attr Name="UsedInSynthesis" Val="1"/>
        <Attr Name="UsedInImplementation" Val="1"/>
        <Attr Name="UsedInSimulation" Val="1"/>
      </FileInfo>
    </File>
    <File Path="$PSRCDIR/sources_1/imports/arji/Lab1/xor2_tb.vhd">
      <FileInfo>
        <Attr Name="Library" Val="gate_lib"/>
        <Attr Name="ImportPath" Val="$PPRDIR/../../darji/Lab1/xor2_tb.vhd"/>
        <Attr Name="ImportTime" Val="1480366567"/>
        <Attr Name="UsedInSynthesis" Val="1"/>
        <Attr Name="UsedInImplementation" Val="1"/>
        <Attr Name="UsedInSimulation" Val="1"/>
      </FileInfo>
    </File>
    <File Path="$PSRCDIR/sources_1/imports/arji/Lab1/or2_tb.vhd">
      <FileInfo>
        <Attr Name="Library" Val="gate_lib"/>
        <Attr Name="ImportPath" Val="$PPRDIR/../../darji/Lab1/or2_tb.vhd"/>
        <Attr Name="ImportTime" Val="1480366567"/>
        <Attr Name="UsedInSynthesis" Val="1"/>
        <Attr Name="UsedInImplementation" Val="1"/>
        <Attr Name="UsedInSimulation" Val="1"/>
      </FileInfo>
    </File>
    <File Path="$PSRCDIR/sources_1/imports/arji/Lab1/nor2_tb.vhd">
      <FileInfo>
        <Attr Name="Library" Val="gate_lib"/>
        <Attr Name="ImportPath" Val="$PPRDIR/../../darji/Lab1/nor2_tb.vhd"/>
        <Attr Name="ImportTime" Val="1480366567"/>
        <Attr Name="UsedInSynthesis" Val="1"/>
        <Attr Name="UsedInImplementation" Val="1"/>
        <Attr Name="UsedInSimulation" Val="1"/>
      </FileInfo>
    </File>
    <File Path="$PSRCDIR/sources_1/imports/arji/Lab1/nand2_tb.vhd">
      <FileInfo>
        <Attr Name="Library" Val="gate_lib"/>
        <Attr Name="ImportPath" Val="$PPRDIR/../../darji/Lab1/nand2_tb.vhd"/>
        <Attr Name="ImportTime" Val="1480366567"/>
        <Attr Name="UsedInSynthesis" Val="1"/>
        <Attr Name="UsedInImplementation" Val="1"/>
        <Attr Name="UsedInSimulation" Val="1"/>
      </FileInfo>
    </File>
    <File Path="$PSRCDIR/sources_1/imports/arji/Lab1/mux4_tb.vhd">
      <FileInfo>
        <Attr Name="Library" Val="gate_lib"/>
        <Attr Name="ImportPath" Val="$PPRDIR/../../darji/Lab1/mux4_tb.vhd"/>
        <Attr Name="ImportTime" Val="1480366567"/>
        <Attr Name="UsedInSynthesis" Val="1"/>
        <Attr Name="UsedInImplementation" Val="1"/>
        <Attr Name="UsedInSimulation" Val="1"/>
      </FileInfo>
    </File>
    <File Path="$PSRCDIR/sources_1/imports/arji/Lab1/mux2_tb.vhd">
      <FileInfo>
        <Attr Name="Library" Val="gate_lib"/>
        <Attr Name="ImportPath" Val="$PPRDIR/../../darji/Lab1/mux2_tb.vhd"/>
        <Attr Name="ImportTime" Val="1480366567"/>
        <Attr Name="UsedInSynthesis" Val="1"/>
        <Attr Name="UsedInImplementation" Val="1"/>
        <Attr Name="UsedInSimulation" Val="1"/>
      </FileInfo>
    </File>
    <File Path="$PSRCDIR/sources_1/imports/arji/Lab1/inv_tb.vhd">
      <FileInfo>
        <Attr Name="Library" Val="gate_lib"/>
        <Attr Name="ImportPath" Val="$PPRDIR/../../darji/Lab1/inv_tb.vhd"/>
        <Attr Name="ImportTime" Val="1480366567"/>
        <Attr Name="UsedInSynthesis" Val="1"/>
        <Attr Name="UsedInImplementation" Val="1"/>
        <Attr Name="UsedInSimulation" Val="1"/>
      </FileInfo>
    </File>
    <File Path="$PSRCDIR/sources_1/imports/arji/Lab1/dff_tb.vhd">
      <FileInfo>
        <Attr Name="Library" Val="gate_lib"/>
        <Attr Name="ImportPath" Val="$PPRDIR/../../darji/Lab1/dff_tb.vhd"/>
        <Attr Name="ImportTime" Val="1480366567"/>
        <Attr Name="UsedInSynthesis" Val="1"/>
        <Attr Name="UsedInImplementation" Val="1"/>
        <Attr Name="UsedInSimulation" Val="1"/>
      </FileInfo>
    </File>
    <File Path="$PSRCDIR/sources_1/imports/arji/Lab1/and2_tb.vhd">
      <FileInfo>
        <Attr Name="Library" Val="gate_lib"/>
        <Attr Name="ImportPath" Val="$PPRDIR/../../darji/Lab1/and2_tb.vhd"/>
        <Attr Name="ImportTime" Val="1480366567"/>
        <Attr Name="UsedInSynthesis" Val="1"/>
        <Attr Name="UsedInImplementation" Val="1"/>
        <Attr Name="UsedInSimulation" Val="1"/>
      </FileInfo>
    </File>
    <File Path="$PSRCDIR/sources_1/imports/inal project/shregstr_tb_32.vhd">
      <FileInfo>
        <Attr Name="UserDisabled" Val="1"/>
        <Attr Name="ImportPath" Val="$PPRDIR/../shregstr_tb_32.vhd"/>
        <Attr Name="ImportTime" Val="1480368425"/>
        <Attr Name="UsedInSynthesis" Val="1"/>
        <Attr Name="UsedInImplementation" Val="1"/>
        <Attr Name="UsedInSimulation" Val="1"/>
      </FileInfo>
    </File>
    <File Path="$PSRCDIR/sources_1/new/32registers_32bits.vhd">
      <FileInfo>
        <Attr Name="UserDisabled" Val="1"/>
        <Attr Name="ImportPath" Val="$PPRDIR/../shift_32/shift_32.srcs/sources_1/new/32registers_32bits.vhd"/>
        <Attr Name="ImportTime" Val="1480392214"/>
        <Attr Name="UsedInSynthesis" Val="1"/>
        <Attr Name="UsedInImplementation" Val="1"/>
        <Attr Name="UsedInSimulation" Val="1"/>
      </FileInfo>
    </File>
    <Config>
      <Option Name="DesignMode" Val="RTL"/>
      <Option Name="TopModule" Val="ADDER_32bit"/>
      <Option Name="TopLib" Val="work"/>
      <Option Name="TopArchitecture" Val="Structural"/>
      <Option Name="TopRTLFile" Val="$PSRCDIR/sources_1/new/ADDER_32bit.vhd"/>
      <Option Name="TopAutoSet" Val="TRUE"/>
    </Config>
  </FileSet>
</DARoots>
