<?xml version="1.0" encoding="UTF-8"?>
<DARoots Version="1" Minor="25">
  <FileSet Name="sources_1" Type="DesignSrcs" RelSrcDir="$PSRCDIR/sources_1">
    <Filter Type="Srcs"/>
    <File Path="$PSRCDIR/sources_1/imports/lab1proj/resources.vhd">
      <FileInfo>
        <Attr Name="Library" Val="gate_lib"/>
        <Attr Name="ImportPath" Val="E:/lab1proj/resources.vhd"/>
        <Attr Name="ImportTime" Val="1473790500"/>
        <Attr Name="UsedInSynthesis" Val="1"/>
        <Attr Name="UsedInImplementation" Val="1"/>
        <Attr Name="UsedInSimulation" Val="1"/>
      </FileInfo>
    </File>
    <File Path="$PSRCDIR/sources_1/imports/darji1/Lab1/xor2.vhd">
      <FileInfo>
        <Attr Name="Library" Val="gate_lib"/>
        <Attr Name="ImportPath" Val="$PPRDIR/../../darji/darji1/Lab1/xor2.vhd"/>
        <Attr Name="ImportTime" Val="1478726253"/>
        <Attr Name="UsedInSynthesis" Val="1"/>
        <Attr Name="UsedInImplementation" Val="1"/>
        <Attr Name="UsedInSimulation" Val="1"/>
      </FileInfo>
    </File>
    <File Path="$PSRCDIR/sources_1/imports/darji1/Lab1/and2.vhd">
      <FileInfo>
        <Attr Name="Library" Val="gate_lib"/>
        <Attr Name="ImportPath" Val="$PPRDIR/../../darji/darji1/Lab1/and2.vhd"/>
        <Attr Name="ImportTime" Val="1493100065"/>
        <Attr Name="UsedInSynthesis" Val="1"/>
        <Attr Name="UsedInImplementation" Val="1"/>
        <Attr Name="UsedInSimulation" Val="1"/>
      </FileInfo>
    </File>
    <File Path="$PSRCDIR/sources_1/imports/Downloads/hastr.vhd">
      <FileInfo>
        <Attr Name="ImportPath" Val="$PPRDIR/../../darji/Final project/project_2/project_2.srcs/sources_1/imports/Downloads/hastr.vhd"/>
        <Attr Name="ImportTime" Val="1480369733"/>
        <Attr Name="UsedInSynthesis" Val="1"/>
        <Attr Name="UsedInImplementation" Val="1"/>
        <Attr Name="UsedInSimulation" Val="1"/>
      </FileInfo>
    </File>
    <File Path="$PSRCDIR/sources_1/imports/darji1/Lab1/or2.vhd">
      <FileInfo>
        <Attr Name="Library" Val="gate_lib"/>
        <Attr Name="ImportPath" Val="$PPRDIR/../../darji/darji1/Lab1/or2.vhd"/>
        <Attr Name="ImportTime" Val="1478726240"/>
        <Attr Name="UsedInSynthesis" Val="1"/>
        <Attr Name="UsedInImplementation" Val="1"/>
        <Attr Name="UsedInSimulation" Val="1"/>
      </FileInfo>
    </File>
    <File Path="$PSRCDIR/sources_1/imports/imports/fastr.vhd">
      <FileInfo>
        <Attr Name="ImportPath" Val="$PPRDIR/../../darji/Final project/project_2/project_2.srcs/sources_1/imports/fastr.vhd"/>
        <Attr Name="ImportTime" Val="1480369737"/>
        <Attr Name="UsedInSynthesis" Val="1"/>
        <Attr Name="UsedInImplementation" Val="1"/>
        <Attr Name="UsedInSimulation" Val="1"/>
      </FileInfo>
    </File>
    <File Path="$PSRCDIR/sources_1/imports/darji1/Lab1/mux4.vhd">
      <FileInfo>
        <Attr Name="Library" Val="gate_lib"/>
        <Attr Name="ImportPath" Val="$PPRDIR/../../darji/darji1/Lab1/mux4.vhd"/>
        <Attr Name="ImportTime" Val="1478726138"/>
        <Attr Name="UsedInSynthesis" Val="1"/>
        <Attr Name="UsedInImplementation" Val="1"/>
        <Attr Name="UsedInSimulation" Val="1"/>
      </FileInfo>
    </File>
    <File Path="$PSRCDIR/sources_1/imports/darji1/Lab1/mux2.vhd">
      <FileInfo>
        <Attr Name="Library" Val="gate_lib"/>
        <Attr Name="ImportPath" Val="$PPRDIR/../../darji/darji1/Lab1/mux2.vhd"/>
        <Attr Name="ImportTime" Val="1493100065"/>
        <Attr Name="UsedInSynthesis" Val="1"/>
        <Attr Name="UsedInImplementation" Val="1"/>
        <Attr Name="UsedInSimulation" Val="1"/>
      </FileInfo>
    </File>
    <File Path="$PSRCDIR/sources_1/imports/darji1/Lab1/dff.vhd">
      <FileInfo>
        <Attr Name="Library" Val="gate_lib"/>
        <Attr Name="ImportPath" Val="$PPRDIR/../../darji/darji1/Lab1/dff.vhd"/>
        <Attr Name="ImportTime" Val="1478725846"/>
        <Attr Name="UsedInSynthesis" Val="1"/>
        <Attr Name="UsedInImplementation" Val="1"/>
        <Attr Name="UsedInSimulation" Val="1"/>
      </FileInfo>
    </File>
    <File Path="$PSRCDIR/sources_1/imports/imports/shregstr.vhd">
      <FileInfo>
        <Attr Name="ImportPath" Val="$PPRDIR/../../darji/Final project/project_2/project_2.srcs/sources_1/imports/shregstr.vhd"/>
        <Attr Name="ImportTime" Val="1480369700"/>
        <Attr Name="UsedInSynthesis" Val="1"/>
        <Attr Name="UsedInImplementation" Val="1"/>
        <Attr Name="UsedInSimulation" Val="1"/>
      </FileInfo>
    </File>
    <File Path="$PSRCDIR/sources_1/imports/imports/reg8str.vhd">
      <FileInfo>
        <Attr Name="ImportPath" Val="$PPRDIR/../../darji/Final project/project_2/project_2.srcs/sources_1/imports/reg8str.vhd"/>
        <Attr Name="ImportTime" Val="1480369709"/>
        <Attr Name="UsedInSynthesis" Val="1"/>
        <Attr Name="UsedInImplementation" Val="1"/>
        <Attr Name="UsedInSimulation" Val="1"/>
      </FileInfo>
    </File>
    <File Path="$PSRCDIR/sources_1/imports/imports/alustr.vhd">
      <FileInfo>
        <Attr Name="ImportPath" Val="$PPRDIR/../../darji/Final project/project_2/project_2.srcs/sources_1/imports/alustr.vhd"/>
        <Attr Name="ImportTime" Val="1480369727"/>
        <Attr Name="UsedInSynthesis" Val="1"/>
        <Attr Name="UsedInImplementation" Val="1"/>
        <Attr Name="UsedInSimulation" Val="1"/>
      </FileInfo>
    </File>
    <File Path="$PSRCDIR/sources_1/imports/darji1/Lab2/mux41.vhd">
      <FileInfo>
        <Attr Name="ImportPath" Val="$PPRDIR/../../darji/darji1/Lab2/mux41.vhd"/>
        <Attr Name="ImportTime" Val="1478725088"/>
        <Attr Name="UsedInSynthesis" Val="1"/>
        <Attr Name="UsedInImplementation" Val="1"/>
        <Attr Name="UsedInSimulation" Val="1"/>
      </FileInfo>
    </File>
    <File Path="$PSRCDIR/sources_1/imports/darji1/Lab2/mux21.vhd">
      <FileInfo>
        <Attr Name="ImportPath" Val="$PPRDIR/../../darji/darji1/Lab2/mux21.vhd"/>
        <Attr Name="ImportTime" Val="1478725028"/>
        <Attr Name="UsedInSynthesis" Val="1"/>
        <Attr Name="UsedInImplementation" Val="1"/>
        <Attr Name="UsedInSimulation" Val="1"/>
      </FileInfo>
    </File>
    <File Path="$PSRCDIR/sources_1/imports/darji1/Lab2/arithshreg.vhd">
      <FileInfo>
        <Attr Name="ImportPath" Val="$PPRDIR/../../darji/darji1/Lab2/arithshreg.vhd"/>
        <Attr Name="ImportTime" Val="1478725118"/>
        <Attr Name="UsedInSynthesis" Val="1"/>
        <Attr Name="UsedInImplementation" Val="1"/>
        <Attr Name="UsedInSimulation" Val="1"/>
      </FileInfo>
    </File>
    <File Path="$PSRCDIR/sources_1/imports/darji1/Lab2/booth.vhd">
      <FileInfo>
        <Attr Name="ImportPath" Val="$PPRDIR/../../darji/darji1/Lab2/booth.vhd"/>
        <Attr Name="ImportTime" Val="1493100066"/>
        <Attr Name="UsedInSynthesis" Val="1"/>
        <Attr Name="UsedInImplementation" Val="1"/>
        <Attr Name="UsedInSimulation" Val="1"/>
      </FileInfo>
    </File>
    <File Path="$PSRCDIR/sources_1/imports/darji1/Lab2/booth_tb.vhd">
      <FileInfo>
        <Attr Name="ImportPath" Val="$PPRDIR/../../darji/darji1/Lab2/booth_tb.vhd"/>
        <Attr Name="ImportTime" Val="1493100066"/>
        <Attr Name="UsedInSynthesis" Val="1"/>
        <Attr Name="UsedInImplementation" Val="1"/>
        <Attr Name="UsedInSimulation" Val="1"/>
      </FileInfo>
    </File>
    <File Path="$PSRCDIR/sources_1/imports/darji1/Lab1/nor2.vhd">
      <FileInfo>
        <Attr Name="Library" Val="gate_lib"/>
        <Attr Name="ImportPath" Val="$PPRDIR/../../darji/darji1/Lab1/nor2.vhd"/>
        <Attr Name="ImportTime" Val="1493100066"/>
        <Attr Name="UsedInSynthesis" Val="1"/>
        <Attr Name="UsedInImplementation" Val="1"/>
        <Attr Name="UsedInSimulation" Val="1"/>
      </FileInfo>
    </File>
    <File Path="$PSRCDIR/sources_1/imports/darji1/Lab1/nand2.vhd">
      <FileInfo>
        <Attr Name="Library" Val="gate_lib"/>
        <Attr Name="ImportPath" Val="$PPRDIR/../../darji/darji1/Lab1/nand2.vhd"/>
        <Attr Name="ImportTime" Val="1493100066"/>
        <Attr Name="UsedInSynthesis" Val="1"/>
        <Attr Name="UsedInImplementation" Val="1"/>
        <Attr Name="UsedInSimulation" Val="1"/>
      </FileInfo>
    </File>
    <File Path="$PSRCDIR/sources_1/imports/darji1/Lab1/inv.vhd">
      <FileInfo>
        <Attr Name="Library" Val="gate_lib"/>
        <Attr Name="ImportPath" Val="$PPRDIR/../../darji/darji1/Lab1/inv.vhd"/>
        <Attr Name="ImportTime" Val="1478725870"/>
        <Attr Name="UsedInSynthesis" Val="1"/>
        <Attr Name="UsedInImplementation" Val="1"/>
        <Attr Name="UsedInSimulation" Val="1"/>
      </FileInfo>
    </File>
    <File Path="$PSRCDIR/sources_1/imports/darji1/Lab1/xor2_tb.vhd">
      <FileInfo>
        <Attr Name="Library" Val="gate_lib"/>
        <Attr Name="ImportPath" Val="$PPRDIR/../../darji/darji1/Lab1/xor2_tb.vhd"/>
        <Attr Name="ImportTime" Val="1478726262"/>
        <Attr Name="UsedInSynthesis" Val="1"/>
        <Attr Name="UsedInImplementation" Val="1"/>
        <Attr Name="UsedInSimulation" Val="1"/>
      </FileInfo>
    </File>
    <File Path="$PSRCDIR/sources_1/imports/darji1/Lab1/or2_tb.vhd">
      <FileInfo>
        <Attr Name="Library" Val="gate_lib"/>
        <Attr Name="ImportPath" Val="$PPRDIR/../../darji/darji1/Lab1/or2_tb.vhd"/>
        <Attr Name="ImportTime" Val="1493100066"/>
        <Attr Name="UsedInSynthesis" Val="1"/>
        <Attr Name="UsedInImplementation" Val="1"/>
        <Attr Name="UsedInSimulation" Val="1"/>
      </FileInfo>
    </File>
    <File Path="$PSRCDIR/sources_1/imports/darji1/Lab1/nor2_tb.vhd">
      <FileInfo>
        <Attr Name="Library" Val="gate_lib"/>
        <Attr Name="ImportPath" Val="$PPRDIR/../../darji/darji1/Lab1/nor2_tb.vhd"/>
        <Attr Name="ImportTime" Val="1493100066"/>
        <Attr Name="UsedInSynthesis" Val="1"/>
        <Attr Name="UsedInImplementation" Val="1"/>
        <Attr Name="UsedInSimulation" Val="1"/>
      </FileInfo>
    </File>
    <File Path="$PSRCDIR/sources_1/imports/darji1/Lab1/nand2_tb.vhd">
      <FileInfo>
        <Attr Name="Library" Val="gate_lib"/>
        <Attr Name="ImportPath" Val="$PPRDIR/../../darji/darji1/Lab1/nand2_tb.vhd"/>
        <Attr Name="ImportTime" Val="1493100066"/>
        <Attr Name="UsedInSynthesis" Val="1"/>
        <Attr Name="UsedInImplementation" Val="1"/>
        <Attr Name="UsedInSimulation" Val="1"/>
      </FileInfo>
    </File>
    <File Path="$PSRCDIR/sources_1/imports/darji1/Lab1/mux4_tb.vhd">
      <FileInfo>
        <Attr Name="Library" Val="gate_lib"/>
        <Attr Name="ImportPath" Val="$PPRDIR/../../darji/darji1/Lab1/mux4_tb.vhd"/>
        <Attr Name="ImportTime" Val="1493100066"/>
        <Attr Name="UsedInSynthesis" Val="1"/>
        <Attr Name="UsedInImplementation" Val="1"/>
        <Attr Name="UsedInSimulation" Val="1"/>
      </FileInfo>
    </File>
    <File Path="$PSRCDIR/sources_1/imports/darji1/Lab1/mux2_tb.vhd">
      <FileInfo>
        <Attr Name="Library" Val="gate_lib"/>
        <Attr Name="ImportPath" Val="$PPRDIR/../../darji/darji1/Lab1/mux2_tb.vhd"/>
        <Attr Name="ImportTime" Val="1478726106"/>
        <Attr Name="UsedInSynthesis" Val="1"/>
        <Attr Name="UsedInImplementation" Val="1"/>
        <Attr Name="UsedInSimulation" Val="1"/>
      </FileInfo>
    </File>
    <File Path="$PSRCDIR/sources_1/imports/darji1/Lab1/inv_tb.vhd">
      <FileInfo>
        <Attr Name="Library" Val="gate_lib"/>
        <Attr Name="ImportPath" Val="$PPRDIR/../../darji/darji1/Lab1/inv_tb.vhd"/>
        <Attr Name="ImportTime" Val="1478725884"/>
        <Attr Name="UsedInSynthesis" Val="1"/>
        <Attr Name="UsedInImplementation" Val="1"/>
        <Attr Name="UsedInSimulation" Val="1"/>
      </FileInfo>
    </File>
    <File Path="$PSRCDIR/sources_1/imports/darji1/Lab1/dff_tb.vhd">
      <FileInfo>
        <Attr Name="Library" Val="gate_lib"/>
        <Attr Name="ImportPath" Val="$PPRDIR/../../darji/darji1/Lab1/dff_tb.vhd"/>
        <Attr Name="ImportTime" Val="1478725857"/>
        <Attr Name="UsedInSynthesis" Val="1"/>
        <Attr Name="UsedInImplementation" Val="1"/>
        <Attr Name="UsedInSimulation" Val="1"/>
      </FileInfo>
    </File>
    <File Path="$PSRCDIR/sources_1/imports/darji1/Lab1/and2_tb.vhd">
      <FileInfo>
        <Attr Name="Library" Val="gate_lib"/>
        <Attr Name="ImportPath" Val="$PPRDIR/../../darji/darji1/Lab1/and2_tb.vhd"/>
        <Attr Name="ImportTime" Val="1478725817"/>
        <Attr Name="UsedInSynthesis" Val="1"/>
        <Attr Name="UsedInImplementation" Val="1"/>
        <Attr Name="UsedInSimulation" Val="1"/>
      </FileInfo>
    </File>
    <File Path="$PSRCDIR/sources_1/imports/Lab4/boothcont.vhd">
      <FileInfo>
        <Attr Name="ImportPath" Val="$PPRDIR/../../darji/darji1/Lab4/boothcont.vhd"/>
        <Attr Name="ImportTime" Val="1493100066"/>
        <Attr Name="UsedInSynthesis" Val="1"/>
        <Attr Name="UsedInImplementation" Val="1"/>
        <Attr Name="UsedInSimulation" Val="1"/>
      </FileInfo>
    </File>
    <File Path="$PSRCDIR/sources_1/imports/Lab4/full_booth.vhd">
      <FileInfo>
        <Attr Name="ImportPath" Val="$PPRDIR/../../darji/darji1/Lab4/full_booth.vhd"/>
        <Attr Name="ImportTime" Val="1478725193"/>
        <Attr Name="UsedInSynthesis" Val="1"/>
        <Attr Name="UsedInImplementation" Val="1"/>
        <Attr Name="UsedInSimulation" Val="1"/>
      </FileInfo>
    </File>
    <File Path="$PSRCDIR/sources_1/imports/Lab4/lab4booth_tb.vhd">
      <FileInfo>
        <Attr Name="ImportPath" Val="$PPRDIR/../../darji/darji1/Lab4/lab4booth_tb.vhd"/>
        <Attr Name="ImportTime" Val="1478725177"/>
        <Attr Name="UsedInSynthesis" Val="1"/>
        <Attr Name="UsedInImplementation" Val="1"/>
        <Attr Name="UsedInSimulation" Val="1"/>
      </FileInfo>
    </File>
    <File Path="$PSRCDIR/sources_1/imports/imports/aoi2str.vhd">
      <FileInfo>
        <Attr Name="ImportPath" Val="$PPRDIR/../../darji/Final project/project_2/project_2.srcs/sources_1/imports/aoi2str.vhd"/>
        <Attr Name="ImportTime" Val="1480369692"/>
        <Attr Name="UsedInSynthesis" Val="1"/>
        <Attr Name="UsedInImplementation" Val="1"/>
        <Attr Name="UsedInSimulation" Val="1"/>
      </FileInfo>
    </File>
    <File Path="$PSRCDIR/sources_1/imports/imports/mult8str.vhd">
      <FileInfo>
        <Attr Name="ImportPath" Val="$PPRDIR/../../darji/Final project/project_2/project_2.srcs/sources_1/imports/mult8str.vhd"/>
        <Attr Name="ImportTime" Val="1480369747"/>
        <Attr Name="UsedInSynthesis" Val="1"/>
        <Attr Name="UsedInImplementation" Val="1"/>
        <Attr Name="UsedInSimulation" Val="1"/>
      </FileInfo>
    </File>
    <File Path="$PSRCDIR/sources_1/imports/Lab4/booth.vhd">
      <FileInfo>
        <Attr Name="Library" Val="mult_lib"/>
        <Attr Name="ImportPath" Val="$PPRDIR/../../darji/darji1/Lab4/booth.vhd"/>
        <Attr Name="ImportTime" Val="1478725251"/>
        <Attr Name="UsedInSynthesis" Val="1"/>
        <Attr Name="UsedInImplementation" Val="1"/>
        <Attr Name="UsedInSimulation" Val="1"/>
      </FileInfo>
    </File>
    <Config>
      <Option Name="DesignMode" Val="RTL"/>
      <Option Name="TopModule" Val="boothmul_tb"/>
      <Option Name="TopLib" Val="work"/>
      <Option Name="TopArchitecture" Val="behavior"/>
      <Option Name="TopRTLFile" Val="$PSRCDIR/sources_1/imports/darji1/Lab2/booth_tb.vhd"/>
      <Option Name="TopAutoSet" Val="TRUE"/>
    </Config>
  </FileSet>
</DARoots>
