<?xml version="1.0" encoding="UTF-8"?>
<DARoots Version="1" Minor="25">
  <FileSet Name="sources_1" Type="DesignSrcs" RelSrcDir="$PSRCDIR/sources_1">
    <Filter Type="Srcs"/>
    <File Path="$PSRCDIR/sources_1/imports/Lab4/booth.vhd">
      <FileInfo>
        <Attr Name="ImportPath" Val="$PPRDIR/../../darji/Lab4/booth.vhd"/>
        <Attr Name="ImportTime" Val="1480370167"/>
        <Attr Name="UsedInSynthesis" Val="1"/>
        <Attr Name="UsedInImplementation" Val="1"/>
        <Attr Name="UsedInSimulation" Val="1"/>
      </FileInfo>
    </File>
    <File Path="$PSRCDIR/sources_1/imports/Lab4/boothcont.vhd">
      <FileInfo>
        <Attr Name="ImportPath" Val="$PPRDIR/../../darji/Lab4/boothcont.vhd"/>
        <Attr Name="ImportTime" Val="1480370167"/>
        <Attr Name="UsedInSynthesis" Val="1"/>
        <Attr Name="UsedInImplementation" Val="1"/>
        <Attr Name="UsedInSimulation" Val="1"/>
      </FileInfo>
    </File>
    <File Path="$PSRCDIR/sources_1/imports/Lab4/full_booth.vhd">
      <FileInfo>
        <Attr Name="ImportPath" Val="$PPRDIR/../../darji/Lab4/full_booth.vhd"/>
        <Attr Name="ImportTime" Val="1480370167"/>
        <Attr Name="UsedInSynthesis" Val="1"/>
        <Attr Name="UsedInImplementation" Val="1"/>
        <Attr Name="UsedInSimulation" Val="1"/>
      </FileInfo>
    </File>
    <File Path="$PSRCDIR/sources_1/imports/Lab4/lab4booth_tb.vhd">
      <FileInfo>
        <Attr Name="ImportPath" Val="$PPRDIR/../../darji/Lab4/lab4booth_tb.vhd"/>
        <Attr Name="ImportTime" Val="1480370167"/>
        <Attr Name="UsedInSynthesis" Val="1"/>
        <Attr Name="UsedInImplementation" Val="1"/>
        <Attr Name="UsedInSimulation" Val="1"/>
      </FileInfo>
    </File>
    <Config>
      <Option Name="DesignMode" Val="RTL"/>
      <Option Name="TopModule" Val="boothmul"/>
      <Option Name="TopLib" Val="work"/>
      <Option Name="TopArchitecture" Val="structural"/>
      <Option Name="TopRTLFile" Val="$PSRCDIR/sources_1/imports/Lab4/booth.vhd"/>
      <Option Name="TopAutoSet" Val="TRUE"/>
    </Config>
  </FileSet>
</DARoots>
